match_id,season,date,city,venue,team1,team2,toss_winner,toss_decision,winner,result,player_of_match
1082591,2017,05-04-2017,Hyderabad,"Rajiv Gandhi International Stadium, Uppal",Sunrisers Hyderabad,Royal Challengers Bangalore,Royal Challengers Bangalore,field,Sunrisers Hyderabad,normal,Yuvraj Singh
1082592,2017,06-04-2017,Pune,Maharashtra Cricket Association Stadium,Rising Pune Supergiant,Mumbai Indians,Rising Pune Supergiant,field,Rising Pune Supergiant,normal,SPD Smith
1082593,2017,07-04-2017,Rajkot,Saurashtra Cricket Association Stadium,Gujarat Lions,Kolkata Knight Riders,Kolkata Knight Riders,field,Kolkata Knight Riders,normal,CA Lynn
1082594,2017,08-04-2017,Indore,Holkar Cricket Stadium,Kings XI Punjab,Rising Pune Supergiant,Kings XI Punjab,field,Kings XI Punjab,normal,GJ Maxwell
1082595,2017,08-04-2017,Bengaluru,M.Chinnaswamy Stadium,Royal Challengers Bangalore,Delhi Daredevils,Royal Challengers Bangalore,bat,Royal Challengers Bangalore,normal,KM Jadhav
1082596,2017,09-04-2017,Hyderabad,"Rajiv Gandhi International Stadium, Uppal",Sunrisers Hyderabad,Gujarat Lions,Sunrisers Hyderabad,field,Sunrisers Hyderabad,normal,Rashid Khan
1082597,2017,09-04-2017,Mumbai,Wankhede Stadium,Mumbai Indians,Kolkata Knight Riders,Mumbai Indians,field,Mumbai Indians,normal,N Rana
1082598,2017,10-04-2017,Indore,Holkar Cricket Stadium,Kings XI Punjab,Royal Challengers Bangalore,Royal Challengers Bangalore,bat,Kings XI Punjab,normal,AR Patel
1082599,2017,11-04-2017,Pune,Maharashtra Cricket Association Stadium,Rising Pune Supergiant,Delhi Daredevils,Rising Pune Supergiant,field,Delhi Daredevils,normal,SV Samson
1082600,2017,12-04-2017,Mumbai,Wankhede Stadium,Mumbai Indians,Sunrisers Hyderabad,Mumbai Indians,field,Mumbai Indians,normal,JJ Bumrah
1082601,2017,13-04-2017,Kolkata,Eden Gardens,Kolkata Knight Riders,Kings XI Punjab,Kolkata Knight Riders,field,Kolkata Knight Riders,normal,SP Narine
1082602,2017,14-04-2017,Bangalore,M Chinnaswamy Stadium,Royal Challengers Bangalore,Mumbai Indians,Mumbai Indians,field,Mumbai Indians,normal,KA Pollard
1082603,2017,14-04-2017,Rajkot,Saurashtra Cricket Association Stadium,Gujarat Lions,Rising Pune Supergiant,Gujarat Lions,field,Gujarat Lions,normal,AJ Tye
1082604,2017,15-04-2017,Kolkata,Eden Gardens,Kolkata Knight Riders,Sunrisers Hyderabad,Sunrisers Hyderabad,field,Kolkata Knight Riders,normal,RV Uthappa
1082605,2017,15-04-2017,Delhi,Feroz Shah Kotla,Delhi Daredevils,Kings XI Punjab,Delhi Daredevils,bat,Delhi Daredevils,normal,CJ Anderson
1082606,2017,16-04-2017,Mumbai,Wankhede Stadium,Mumbai Indians,Gujarat Lions,Mumbai Indians,field,Mumbai Indians,normal,N Rana
1082607,2017,16-04-2017,Bangalore,M Chinnaswamy Stadium,Royal Challengers Bangalore,Rising Pune Supergiant,Royal Challengers Bangalore,field,Rising Pune Supergiant,normal,BA Stokes
1082608,2017,17-04-2017,Delhi,Feroz Shah Kotla,Delhi Daredevils,Kolkata Knight Riders,Delhi Daredevils,bat,Kolkata Knight Riders,normal,NM Coulter-Nile
1082609,2017,17-04-2017,Hyderabad,"Rajiv Gandhi International Stadium, Uppal",Sunrisers Hyderabad,Kings XI Punjab,Kings XI Punjab,field,Sunrisers Hyderabad,normal,B Kumar
1082610,2017,18-04-2017,Rajkot,Saurashtra Cricket Association Stadium,Gujarat Lions,Royal Challengers Bangalore,Gujarat Lions,field,Royal Challengers Bangalore,normal,CH Gayle
1082611,2017,19-04-2017,Hyderabad,"Rajiv Gandhi International Stadium, Uppal",Sunrisers Hyderabad,Delhi Daredevils,Sunrisers Hyderabad,bat,Sunrisers Hyderabad,normal,KS Williamson
1082612,2017,20-04-2017,Indore,Holkar Cricket Stadium,Kings XI Punjab,Mumbai Indians,Mumbai Indians,field,Mumbai Indians,normal,JC Buttler
1082613,2017,21-04-2017,Kolkata,Eden Gardens,Kolkata Knight Riders,Gujarat Lions,Gujarat Lions,field,Gujarat Lions,normal,SK Raina
1082614,2017,22-04-2017,Mumbai,Wankhede Stadium,Mumbai Indians,Delhi Daredevils,Delhi Daredevils,field,Mumbai Indians,normal,MJ McClenaghan
1082615,2017,22-04-2017,Pune,Maharashtra Cricket Association Stadium,Rising Pune Supergiant,Sunrisers Hyderabad,Rising Pune Supergiant,field,Rising Pune Supergiant,normal,MS Dhoni
1082616,2017,23-04-2017,Rajkot,Saurashtra Cricket Association Stadium,Gujarat Lions,Kings XI Punjab,Gujarat Lions,field,Kings XI Punjab,normal,HM Amla
1082617,2017,23-04-2017,Kolkata,Eden Gardens,Kolkata Knight Riders,Royal Challengers Bangalore,Royal Challengers Bangalore,field,Kolkata Knight Riders,normal,NM Coulter-Nile
1082618,2017,24-04-2017,Mumbai,Wankhede Stadium,Mumbai Indians,Rising Pune Supergiant,Mumbai Indians,field,Rising Pune Supergiant,normal,BA Stokes
1082620,2017,26-04-2017,Pune,Maharashtra Cricket Association Stadium,Rising Pune Supergiant,Kolkata Knight Riders,Kolkata Knight Riders,field,Kolkata Knight Riders,normal,RV Uthappa
1082621,2017,27-04-2017,Bangalore,M Chinnaswamy Stadium,Royal Challengers Bangalore,Gujarat Lions,Gujarat Lions,field,Gujarat Lions,normal,AJ Tye
1082622,2017,28-04-2017,Kolkata,Eden Gardens,Kolkata Knight Riders,Delhi Daredevils,Kolkata Knight Riders,field,Kolkata Knight Riders,normal,G Gambhir
1082623,2017,28-04-2017,Chandigarh,"Punjab Cricket Association IS Bindra Stadium, Mohali",Kings XI Punjab,Sunrisers Hyderabad,Kings XI Punjab,field,Sunrisers Hyderabad,normal,Rashid Khan
1082624,2017,29-04-2017,Pune,Maharashtra Cricket Association Stadium,Rising Pune Supergiant,Royal Challengers Bangalore,Royal Challengers Bangalore,field,Rising Pune Supergiant,normal,LH Ferguson
1082625,2017,29-04-2017,Rajkot,Saurashtra Cricket Association Stadium,Gujarat Lions,Mumbai Indians,Gujarat Lions,bat,,tie,KH Pandya
1082626,2017,30-04-2017,Chandigarh,"Punjab Cricket Association IS Bindra Stadium, Mohali",Kings XI Punjab,Delhi Daredevils,Kings XI Punjab,field,Kings XI Punjab,normal,Sandeep Sharma
1082627,2017,30-04-2017,Hyderabad,"Rajiv Gandhi International Stadium, Uppal",Sunrisers Hyderabad,Kolkata Knight Riders,Kolkata Knight Riders,field,Sunrisers Hyderabad,normal,DA Warner
1082628,2017,01-05-2017,Mumbai,Wankhede Stadium,Mumbai Indians,Royal Challengers Bangalore,Royal Challengers Bangalore,bat,Mumbai Indians,normal,RG Sharma
1082629,2017,01-05-2017,Pune,Maharashtra Cricket Association Stadium,Rising Pune Supergiant,Gujarat Lions,Rising Pune Supergiant,field,Rising Pune Supergiant,normal,BA Stokes
1082630,2017,02-05-2017,Delhi,Feroz Shah Kotla,Delhi Daredevils,Sunrisers Hyderabad,Delhi Daredevils,field,Delhi Daredevils,normal,Mohammed Shami
1082631,2017,03-05-2017,Kolkata,Eden Gardens,Kolkata Knight Riders,Rising Pune Supergiant,Rising Pune Supergiant,field,Rising Pune Supergiant,normal,RA Tripathi
1082632,2017,04-05-2017,Delhi,Feroz Shah Kotla,Delhi Daredevils,Gujarat Lions,Delhi Daredevils,field,Delhi Daredevils,normal,RR Pant
1082633,2017,05-05-2017,Bangalore,M Chinnaswamy Stadium,Royal Challengers Bangalore,Kings XI Punjab,Royal Challengers Bangalore,field,Kings XI Punjab,normal,Sandeep Sharma
1082634,2017,06-05-2017,Hyderabad,"Rajiv Gandhi International Stadium, Uppal",Sunrisers Hyderabad,Rising Pune Supergiant,Sunrisers Hyderabad,field,Rising Pune Supergiant,normal,JD Unadkat
1082635,2017,06-05-2017,Delhi,Feroz Shah Kotla,Delhi Daredevils,Mumbai Indians,Delhi Daredevils,field,Mumbai Indians,normal,LMP Simmons
1082636,2017,07-05-2017,Bangalore,M Chinnaswamy Stadium,Royal Challengers Bangalore,Kolkata Knight Riders,Kolkata Knight Riders,field,Kolkata Knight Riders,normal,SP Narine
1082637,2017,07-05-2017,Chandigarh,"Punjab Cricket Association IS Bindra Stadium, Mohali",Kings XI Punjab,Gujarat Lions,Gujarat Lions,field,Gujarat Lions,normal,DR Smith
1082638,2017,08-05-2017,Hyderabad,"Rajiv Gandhi International Stadium, Uppal",Sunrisers Hyderabad,Mumbai Indians,Mumbai Indians,bat,Sunrisers Hyderabad,normal,S Dhawan
1082639,2017,09-05-2017,Chandigarh,"Punjab Cricket Association IS Bindra Stadium, Mohali",Kings XI Punjab,Kolkata Knight Riders,Kolkata Knight Riders,field,Kings XI Punjab,normal,MM Sharma
1082640,2017,10-05-2017,Kanpur,Green Park,Gujarat Lions,Delhi Daredevils,Delhi Daredevils,field,Delhi Daredevils,normal,SS Iyer
1082641,2017,11-05-2017,Mumbai,Wankhede Stadium,Mumbai Indians,Kings XI Punjab,Mumbai Indians,field,Kings XI Punjab,normal,WP Saha
1082642,2017,12-05-2017,Delhi,Feroz Shah Kotla,Delhi Daredevils,Rising Pune Supergiant,Delhi Daredevils,bat,Delhi Daredevils,normal,KK Nair
1082643,2017,13-05-2017,Kanpur,Green Park,Gujarat Lions,Sunrisers Hyderabad,Sunrisers Hyderabad,field,Sunrisers Hyderabad,normal,Mohammed Siraj
1082644,2017,13-05-2017,Kolkata,Eden Gardens,Kolkata Knight Riders,Mumbai Indians,Kolkata Knight Riders,field,Mumbai Indians,normal,AT Rayudu
1082645,2017,14-05-2017,Pune,Maharashtra Cricket Association Stadium,Rising Pune Supergiant,Kings XI Punjab,Rising Pune Supergiant,field,Rising Pune Supergiant,normal,JD Unadkat
1082646,2017,14-05-2017,Delhi,Feroz Shah Kotla,Delhi Daredevils,Royal Challengers Bangalore,Royal Challengers Bangalore,bat,Royal Challengers Bangalore,normal,HV Patel
1082647,2017,16-05-2017,Mumbai,Wankhede Stadium,Mumbai Indians,Rising Pune Supergiant,Mumbai Indians,field,Rising Pune Supergiant,normal,Washington Sundar
1082648,2017,17-05-2017,Bangalore,M Chinnaswamy Stadium,Sunrisers Hyderabad,Kolkata Knight Riders,Kolkata Knight Riders,field,Kolkata Knight Riders,normal,NM Coulter-Nile
1082649,2017,19-05-2017,Bangalore,M Chinnaswamy Stadium,Mumbai Indians,Kolkata Knight Riders,Mumbai Indians,field,Mumbai Indians,normal,KV Sharma
1082650,2017,21-05-2017,Hyderabad,"Rajiv Gandhi International Stadium, Uppal",Mumbai Indians,Rising Pune Supergiant,Mumbai Indians,bat,Mumbai Indians,normal,KH Pandya
1136561,2018,07-04-2018,Mumbai,Wankhede Stadium,Mumbai Indians,Chennai Super Kings,Chennai Super Kings,field,Chennai Super Kings,normal,DJ Bravo
1136562,2018,08-04-2018,Chandigarh,Punjab Cricket Association IS Bindra Stadium,Delhi Daredevils,Kings XI Punjab,Kings XI Punjab,field,Kings XI Punjab,normal,KL Rahul
1136563,2018,08-04-2018,Kolkata,Eden Gardens,Royal Challengers Bangalore,Kolkata Knight Riders,Kolkata Knight Riders,field,Kolkata Knight Riders,normal,SP Narine
1136564,2018,09-04-2018,Hyderabad,Rajiv Gandhi International Stadium,Rajasthan Royals,Sunrisers Hyderabad,Sunrisers Hyderabad,field,Sunrisers Hyderabad,normal,S Dhawan
1136565,2018,10-04-2018,Chennai,MA Chidambaram Stadium,Kolkata Knight Riders,Chennai Super Kings,Chennai Super Kings,field,Chennai Super Kings,normal,SW Billings
1136566,2018,11-04-2018,Jaipur,Sawai Mansingh Stadium,Rajasthan Royals,Delhi Daredevils,Delhi Daredevils,field,Rajasthan Royals,normal,SV Samson
1136567,2018,12-04-2018,Hyderabad,Rajiv Gandhi International Stadium,Mumbai Indians,Sunrisers Hyderabad,Sunrisers Hyderabad,field,Sunrisers Hyderabad,normal,Rashid Khan
1136568,2018,13-04-2018,Bengaluru,M.Chinnaswamy Stadium,Kings XI Punjab,Royal Challengers Bangalore,Royal Challengers Bangalore,field,Royal Challengers Bangalore,normal,UT Yadav
1136569,2018,14-04-2018,Mumbai,Wankhede Stadium,Mumbai Indians,Delhi Daredevils,Delhi Daredevils,field,Delhi Daredevils,normal,JJ Roy
1136570,2018,14-04-2018,Kolkata,Eden Gardens,Kolkata Knight Riders,Sunrisers Hyderabad,Sunrisers Hyderabad,field,Sunrisers Hyderabad,normal,B Stanlake
1136571,2018,15-04-2018,Bengaluru,M.Chinnaswamy Stadium,Rajasthan Royals,Royal Challengers Bangalore,Royal Challengers Bangalore,field,Rajasthan Royals,normal,SV Samson
1136572,2018,15-04-2018,Chandigarh,Punjab Cricket Association IS Bindra Stadium,Kings XI Punjab,Chennai Super Kings,Chennai Super Kings,field,Kings XI Punjab,normal,CH Gayle
1136573,2018,16-04-2018,Kolkata,Eden Gardens,Kolkata Knight Riders,Delhi Daredevils,Delhi Daredevils,field,Kolkata Knight Riders,normal,N Rana
1136574,2018,17-04-2018,Mumbai,Wankhede Stadium,Mumbai Indians,Royal Challengers Bangalore,Royal Challengers Bangalore,field,Mumbai Indians,normal,RG Sharma
1136575,2018,18-04-2018,Jaipur,Sawai Mansingh Stadium,Rajasthan Royals,Kolkata Knight Riders,Kolkata Knight Riders,field,Kolkata Knight Riders,normal,N Rana
1136576,2018,19-04-2018,Chandigarh,Punjab Cricket Association IS Bindra Stadium,Kings XI Punjab,Sunrisers Hyderabad,Kings XI Punjab,bat,Kings XI Punjab,normal,CH Gayle
1136577,2018,20-04-2018,Pune,Maharashtra Cricket Association Stadium,Chennai Super Kings,Rajasthan Royals,Rajasthan Royals,field,Chennai Super Kings,normal,SR Watson
1136578,2018,21-04-2018,Kolkata,Eden Gardens,Kolkata Knight Riders,Kings XI Punjab,Kings XI Punjab,field,Kings XI Punjab,normal,KL Rahul
1136579,2018,21-04-2018,Bengaluru,M.Chinnaswamy Stadium,Delhi Daredevils,Royal Challengers Bangalore,Royal Challengers Bangalore,field,Royal Challengers Bangalore,normal,AB de Villiers
1136580,2018,22-04-2018,Hyderabad,Rajiv Gandhi International Stadium,Chennai Super Kings,Sunrisers Hyderabad,Sunrisers Hyderabad,field,Chennai Super Kings,normal,AT Rayudu
1136581,2018,22-04-2018,Jaipur,Sawai Mansingh Stadium,Mumbai Indians,Rajasthan Royals,Mumbai Indians,bat,Rajasthan Royals,normal,JC Archer
1136582,2018,23-04-2018,Delhi,Arun Jaitley Stadium,Kings XI Punjab,Delhi Daredevils,Delhi Daredevils,field,Kings XI Punjab,normal,AS Rajpoot
1136583,2018,24-04-2018,Mumbai,Wankhede Stadium,Sunrisers Hyderabad,Mumbai Indians,Mumbai Indians,field,Sunrisers Hyderabad,normal,Rashid Khan
1136584,2018,25-04-2018,Bengaluru,M.Chinnaswamy Stadium,Royal Challengers Bangalore,Chennai Super Kings,Chennai Super Kings,field,Chennai Super Kings,normal,MS Dhoni
1136585,2018,26-04-2018,Hyderabad,Rajiv Gandhi International Stadium,Sunrisers Hyderabad,Kings XI Punjab,Kings XI Punjab,field,Sunrisers Hyderabad,normal,AS Rajpoot
1136586,2018,27-04-2018,Delhi,Arun Jaitley Stadium,Delhi Daredevils,Kolkata Knight Riders,Kolkata Knight Riders,field,Delhi Daredevils,normal,SS Iyer
1136587,2018,28-04-2018,Pune,Maharashtra Cricket Association Stadium,Chennai Super Kings,Mumbai Indians,Mumbai Indians,field,Mumbai Indians,normal,RG Sharma
1136588,2018,29-04-2018,Jaipur,Sawai Mansingh Stadium,Sunrisers Hyderabad,Rajasthan Royals,Sunrisers Hyderabad,bat,Sunrisers Hyderabad,normal,KS Williamson
1136589,2018,29-04-2018,Bengaluru,M.Chinnaswamy Stadium,Royal Challengers Bangalore,Kolkata Knight Riders,Kolkata Knight Riders,field,Kolkata Knight Riders,normal,CA Lynn
1136590,2018,30-04-2018,Pune,Maharashtra Cricket Association Stadium,Chennai Super Kings,Delhi Daredevils,Delhi Daredevils,field,Chennai Super Kings,normal,SR Watson
1136591,2018,01-05-2018,Bengaluru,M.Chinnaswamy Stadium,Royal Challengers Bangalore,Mumbai Indians,Mumbai Indians,field,Royal Challengers Bangalore,normal,TG Southee
1136592,2018,02-05-2018,Delhi,Arun Jaitley Stadium,Delhi Daredevils,Rajasthan Royals,Rajasthan Royals,field,Delhi Daredevils,normal,RR Pant
1136593,2018,03-05-2018,Kolkata,Eden Gardens,Chennai Super Kings,Kolkata Knight Riders,Kolkata Knight Riders,field,Kolkata Knight Riders,normal,SP Narine
1136594,2018,04-05-2018,Indore,Holkar Cricket Stadium,Kings XI Punjab,Mumbai Indians,Mumbai Indians,field,Mumbai Indians,normal,SA Yadav
1136595,2018,05-05-2018,Pune,Maharashtra Cricket Association Stadium,Royal Challengers Bangalore,Chennai Super Kings,Chennai Super Kings,field,Chennai Super Kings,normal,RA Jadeja
1136596,2018,05-05-2018,Hyderabad,Rajiv Gandhi International Stadium,Delhi Daredevils,Sunrisers Hyderabad,Delhi Daredevils,bat,Sunrisers Hyderabad,normal,Rashid Khan
1136597,2018,06-05-2018,Mumbai,Wankhede Stadium,Mumbai Indians,Kolkata Knight Riders,Kolkata Knight Riders,field,Mumbai Indians,normal,HH Pandya
1136598,2018,06-05-2018,Indore,Holkar Cricket Stadium,Rajasthan Royals,Kings XI Punjab,Kings XI Punjab,field,Kings XI Punjab,normal,Mujeeb Ur Rahman
1136599,2018,07-05-2018,Hyderabad,Rajiv Gandhi International Stadium,Sunrisers Hyderabad,Royal Challengers Bangalore,Royal Challengers Bangalore,field,Sunrisers Hyderabad,normal,KS Williamson
1136600,2018,08-05-2018,Jaipur,Sawai Mansingh Stadium,Rajasthan Royals,Kings XI Punjab,Rajasthan Royals,bat,Rajasthan Royals,normal,JC Buttler
1136601,2018,09-05-2018,Kolkata,Eden Gardens,Mumbai Indians,Kolkata Knight Riders,Kolkata Knight Riders,field,Mumbai Indians,normal,Ishan Kishan
1136602,2018,10-05-2018,Delhi,Arun Jaitley Stadium,Delhi Daredevils,Sunrisers Hyderabad,Delhi Daredevils,bat,Sunrisers Hyderabad,normal,S Dhawan
1136603,2018,11-05-2018,Jaipur,Sawai Mansingh Stadium,Chennai Super Kings,Rajasthan Royals,Chennai Super Kings,bat,Rajasthan Royals,normal,JC Buttler
1136604,2018,12-05-2018,Indore,Holkar Cricket Stadium,Kolkata Knight Riders,Kings XI Punjab,Kings XI Punjab,field,Kolkata Knight Riders,normal,SP Narine
1136605,2018,12-05-2018,Delhi,Arun Jaitley Stadium,Delhi Daredevils,Royal Challengers Bangalore,Royal Challengers Bangalore,field,Royal Challengers Bangalore,normal,AB de Villiers
1136606,2018,13-05-2018,Pune,Maharashtra Cricket Association Stadium,Sunrisers Hyderabad,Chennai Super Kings,Chennai Super Kings,field,Chennai Super Kings,normal,AT Rayudu
1136607,2018,13-05-2018,Mumbai,Wankhede Stadium,Mumbai Indians,Rajasthan Royals,Rajasthan Royals,field,Rajasthan Royals,normal,JC Buttler
1136608,2018,14-05-2018,Indore,Holkar Cricket Stadium,Kings XI Punjab,Royal Challengers Bangalore,Royal Challengers Bangalore,field,Royal Challengers Bangalore,normal,UT Yadav
1136609,2018,15-05-2018,Kolkata,Eden Gardens,Rajasthan Royals,Kolkata Knight Riders,Kolkata Knight Riders,field,Kolkata Knight Riders,normal,Kuldeep Yadav
1136610,2018,16-05-2018,Mumbai,Wankhede Stadium,Mumbai Indians,Kings XI Punjab,Kings XI Punjab,field,Mumbai Indians,normal,JJ Bumrah
1136611,2018,17-05-2018,Bengaluru,M.Chinnaswamy Stadium,Royal Challengers Bangalore,Sunrisers Hyderabad,Sunrisers Hyderabad,field,Royal Challengers Bangalore,normal,AB de Villiers
1136612,2018,18-05-2018,Delhi,Arun Jaitley Stadium,Delhi Daredevils,Chennai Super Kings,Chennai Super Kings,field,Delhi Daredevils,normal,HV Patel
1136613,2018,19-05-2018,Jaipur,Sawai Mansingh Stadium,Rajasthan Royals,Royal Challengers Bangalore,Rajasthan Royals,bat,Rajasthan Royals,normal,S Gopal
1136614,2018,19-05-2018,Hyderabad,Rajiv Gandhi International Stadium,Sunrisers Hyderabad,Kolkata Knight Riders,Sunrisers Hyderabad,bat,Kolkata Knight Riders,normal,CA Lynn
1136615,2018,20-05-2018,Delhi,Arun Jaitley Stadium,Delhi Daredevils,Mumbai Indians,Delhi Daredevils,bat,Delhi Daredevils,normal,A Mishra
1136616,2018,20-05-2018,Pune,Maharashtra Cricket Association Stadium,Kings XI Punjab,Chennai Super Kings,Chennai Super Kings,field,Chennai Super Kings,normal,L Ngidi
1136617,2018,22-05-2018,Mumbai,Wankhede Stadium,Sunrisers Hyderabad,Chennai Super Kings,Chennai Super Kings,field,Chennai Super Kings,normal,F du Plessis
1136618,2018,23-05-2018,Kolkata,Eden Gardens,Kolkata Knight Riders,Rajasthan Royals,Rajasthan Royals,field,Kolkata Knight Riders,normal,AD Russell
1136619,2018,25-05-2018,Kolkata,Eden Gardens,Sunrisers Hyderabad,Kolkata Knight Riders,Kolkata Knight Riders,field,Sunrisers Hyderabad,normal,Rashid Khan
1136620,2018,27-05-2018,Mumbai,Wankhede Stadium,Sunrisers Hyderabad,Chennai Super Kings,Chennai Super Kings,field,Chennai Super Kings,normal,SR Watson
1175356,2019,23-03-2019,Chennai,MA Chidambaram Stadium,Royal Challengers Bangalore,Chennai Super Kings,Chennai Super Kings,field,Chennai Super Kings,normal,Harbhajan Singh
1175357,2019,24-03-2019,Kolkata,Eden Gardens,Sunrisers Hyderabad,Kolkata Knight Riders,Kolkata Knight Riders,field,Kolkata Knight Riders,normal,AD Russell
1175358,2019,24-03-2019,Mumbai,Wankhede Stadium,Delhi Capitals,Mumbai Indians,Mumbai Indians,field,Delhi Capitals,normal,RR Pant
1175359,2019,25-03-2019,Jaipur,Sawai Mansingh Stadium,Kings XI Punjab,Rajasthan Royals,Rajasthan Royals,field,Kings XI Punjab,normal,CH Gayle
1175360,2019,26-03-2019,Delhi,Arun Jaitley Stadium,Delhi Capitals,Chennai Super Kings,Delhi Capitals,bat,Chennai Super Kings,normal,SR Watson
1175361,2019,27-03-2019,Kolkata,Eden Gardens,Kolkata Knight Riders,Kings XI Punjab,Kings XI Punjab,field,Kolkata Knight Riders,normal,AD Russell
1175362,2019,28-03-2019,Bengaluru,M.Chinnaswamy Stadium,Mumbai Indians,Royal Challengers Bangalore,Royal Challengers Bangalore,field,Mumbai Indians,normal,JJ Bumrah
1175363,2019,29-03-2019,Hyderabad,Rajiv Gandhi International Stadium,Rajasthan Royals,Sunrisers Hyderabad,Rajasthan Royals,bat,Sunrisers Hyderabad,normal,Rashid Khan
1175364,2019,30-03-2019,Chandigarh,Punjab Cricket Association IS Bindra Stadium,Mumbai Indians,Kings XI Punjab,Kings XI Punjab,field,Kings XI Punjab,normal,MA Agarwal
1175365,2019,30-03-2019,Delhi,Arun Jaitley Stadium,Kolkata Knight Riders,Delhi Capitals,Delhi Capitals,field,,tie,PP Shaw
1175366,2019,31-03-2019,Hyderabad,Rajiv Gandhi International Stadium,Sunrisers Hyderabad,Royal Challengers Bangalore,Royal Challengers Bangalore,field,Sunrisers Hyderabad,normal,JM Bairstow
1175367,2019,31-03-2019,Chennai,MA Chidambaram Stadium,Chennai Super Kings,Rajasthan Royals,Rajasthan Royals,field,Chennai Super Kings,normal,MS Dhoni
1175368,2019,01-04-2019,Chandigarh,Punjab Cricket Association IS Bindra Stadium,Kings XI Punjab,Delhi Capitals,Delhi Capitals,field,Kings XI Punjab,normal,SM Curran
1175369,2019,02-04-2019,Jaipur,Sawai Mansingh Stadium,Royal Challengers Bangalore,Rajasthan Royals,Rajasthan Royals,field,Rajasthan Royals,normal,S Gopal
1175370,2019,03-04-2019,Mumbai,Wankhede Stadium,Mumbai Indians,Chennai Super Kings,Chennai Super Kings,field,Mumbai Indians,normal,HH Pandya
1175371,2019,04-04-2019,Delhi,Arun Jaitley Stadium,Delhi Capitals,Sunrisers Hyderabad,Sunrisers Hyderabad,field,Sunrisers Hyderabad,normal,JM Bairstow
1175372,2019,05-04-2019,Bengaluru,M.Chinnaswamy Stadium,Royal Challengers Bangalore,Kolkata Knight Riders,Kolkata Knight Riders,field,Kolkata Knight Riders,normal,AD Russell
1178393,2019,06-04-2019,Chennai,MA Chidambaram Stadium,Chennai Super Kings,Kings XI Punjab,Chennai Super Kings,bat,Chennai Super Kings,normal,Harbhajan Singh
1178394,2019,06-04-2019,Hyderabad,Rajiv Gandhi International Stadium,Mumbai Indians,Sunrisers Hyderabad,Sunrisers Hyderabad,field,Mumbai Indians,normal,AS Joseph
1178395,2019,07-04-2019,Bengaluru,M.Chinnaswamy Stadium,Royal Challengers Bangalore,Delhi Capitals,Delhi Capitals,field,Delhi Capitals,normal,K Rabada
1178396,2019,07-04-2019,Jaipur,Sawai Mansingh Stadium,Rajasthan Royals,Kolkata Knight Riders,Kolkata Knight Riders,field,Kolkata Knight Riders,normal,HF Gurney
1178397,2019,08-04-2019,Chandigarh,Punjab Cricket Association IS Bindra Stadium,Sunrisers Hyderabad,Kings XI Punjab,Kings XI Punjab,field,Kings XI Punjab,normal,KL Rahul
1178398,2019,09-04-2019,Chennai,MA Chidambaram Stadium,Kolkata Knight Riders,Chennai Super Kings,Chennai Super Kings,field,Chennai Super Kings,normal,DL Chahar
1178399,2019,10-04-2019,Mumbai,Wankhede Stadium,Kings XI Punjab,Mumbai Indians,Mumbai Indians,field,Mumbai Indians,normal,KA Pollard
1178400,2019,11-04-2019,Jaipur,Sawai Mansingh Stadium,Rajasthan Royals,Chennai Super Kings,Chennai Super Kings,field,Chennai Super Kings,normal,MS Dhoni
1178401,2019,12-04-2019,Kolkata,Eden Gardens,Kolkata Knight Riders,Delhi Capitals,Delhi Capitals,field,Delhi Capitals,normal,S Dhawan
1178402,2019,13-04-2019,Mumbai,Wankhede Stadium,Mumbai Indians,Rajasthan Royals,Rajasthan Royals,field,Rajasthan Royals,normal,JC Buttler
1178403,2019,13-04-2019,Chandigarh,Punjab Cricket Association IS Bindra Stadium,Kings XI Punjab,Royal Challengers Bangalore,Royal Challengers Bangalore,field,Royal Challengers Bangalore,normal,AB de Villiers
1178404,2019,14-04-2019,Kolkata,Eden Gardens,Kolkata Knight Riders,Chennai Super Kings,Chennai Super Kings,field,Chennai Super Kings,normal,Imran Tahir
1178405,2019,14-04-2019,Hyderabad,Rajiv Gandhi International Stadium,Delhi Capitals,Sunrisers Hyderabad,Sunrisers Hyderabad,field,Delhi Capitals,normal,KMA Paul
1178406,2019,15-04-2019,Mumbai,Wankhede Stadium,Royal Challengers Bangalore,Mumbai Indians,Mumbai Indians,field,Mumbai Indians,normal,SL Malinga
1178407,2019,16-04-2019,Chandigarh,Punjab Cricket Association IS Bindra Stadium,Kings XI Punjab,Rajasthan Royals,Rajasthan Royals,field,Kings XI Punjab,normal,R Ashwin
1178408,2019,17-04-2019,Hyderabad,Rajiv Gandhi International Stadium,Chennai Super Kings,Sunrisers Hyderabad,Chennai Super Kings,bat,Sunrisers Hyderabad,normal,DA Warner
1178409,2019,18-04-2019,Delhi,Arun Jaitley Stadium,Mumbai Indians,Delhi Capitals,Mumbai Indians,bat,Mumbai Indians,normal,HH Pandya
1178410,2019,19-04-2019,Kolkata,Eden Gardens,Royal Challengers Bangalore,Kolkata Knight Riders,Kolkata Knight Riders,field,Royal Challengers Bangalore,normal,V Kohli
1178411,2019,20-04-2019,Jaipur,Sawai Mansingh Stadium,Mumbai Indians,Rajasthan Royals,Rajasthan Royals,field,Rajasthan Royals,normal,SPD Smith
1178412,2019,20-04-2019,Delhi,Arun Jaitley Stadium,Kings XI Punjab,Delhi Capitals,Delhi Capitals,field,Delhi Capitals,normal,SS Iyer
1178413,2019,21-04-2019,Hyderabad,Rajiv Gandhi International Stadium,Kolkata Knight Riders,Sunrisers Hyderabad,Sunrisers Hyderabad,field,Sunrisers Hyderabad,normal,KK Ahmed
1178414,2019,21-04-2019,Bengaluru,M.Chinnaswamy Stadium,Royal Challengers Bangalore,Chennai Super Kings,Chennai Super Kings,field,Royal Challengers Bangalore,normal,PA Patel
1178415,2019,22-04-2019,Jaipur,Sawai Mansingh Stadium,Rajasthan Royals,Delhi Capitals,Delhi Capitals,field,Delhi Capitals,normal,RR Pant
1178416,2019,23-04-2019,Chennai,MA Chidambaram Stadium,Sunrisers Hyderabad,Chennai Super Kings,Chennai Super Kings,field,Chennai Super Kings,normal,SR Watson
1178417,2019,24-04-2019,Bengaluru,M.Chinnaswamy Stadium,Royal Challengers Bangalore,Kings XI Punjab,Kings XI Punjab,field,Royal Challengers Bangalore,normal,AB de Villiers
1178418,2019,25-04-2019,Kolkata,Eden Gardens,Kolkata Knight Riders,Rajasthan Royals,Rajasthan Royals,field,Rajasthan Royals,normal,VR Aaron
1178419,2019,26-04-2019,Chennai,MA Chidambaram Stadium,Mumbai Indians,Chennai Super Kings,Chennai Super Kings,field,Mumbai Indians,normal,RG Sharma
1178420,2019,27-04-2019,Jaipur,Sawai Mansingh Stadium,Sunrisers Hyderabad,Rajasthan Royals,Rajasthan Royals,field,Rajasthan Royals,normal,JD Unadkat
1178421,2019,28-04-2019,Delhi,Arun Jaitley Stadium,Delhi Capitals,Royal Challengers Bangalore,Delhi Capitals,bat,Delhi Capitals,normal,S Dhawan
1178422,2019,28-04-2019,Kolkata,Eden Gardens,Kolkata Knight Riders,Mumbai Indians,Mumbai Indians,field,Kolkata Knight Riders,normal,AD Russell
1178423,2019,29-04-2019,Hyderabad,Rajiv Gandhi International Stadium,Sunrisers Hyderabad,Kings XI Punjab,Kings XI Punjab,field,Sunrisers Hyderabad,normal,DA Warner
1178424,2019,30-04-2019,Bengaluru,M.Chinnaswamy Stadium,Royal Challengers Bangalore,Rajasthan Royals,Rajasthan Royals,field,,no result,
1178425,2019,01-05-2019,Chennai,MA Chidambaram Stadium,Chennai Super Kings,Delhi Capitals,Delhi Capitals,field,Chennai Super Kings,normal,MS Dhoni
1178426,2019,02-05-2019,Mumbai,Wankhede Stadium,Mumbai Indians,Sunrisers Hyderabad,Mumbai Indians,bat,,tie,JJ Bumrah
1178427,2019,03-05-2019,Chandigarh,Punjab Cricket Association IS Bindra Stadium,Kings XI Punjab,Kolkata Knight Riders,Kolkata Knight Riders,field,Kolkata Knight Riders,normal,Shubman Gill
1178428,2019,04-05-2019,Delhi,Arun Jaitley Stadium,Rajasthan Royals,Delhi Capitals,Rajasthan Royals,bat,Delhi Capitals,normal,A Mishra
1178429,2019,04-05-2019,Bengaluru,M.Chinnaswamy Stadium,Sunrisers Hyderabad,Royal Challengers Bangalore,Royal Challengers Bangalore,field,Royal Challengers Bangalore,normal,SO Hetmyer
1178430,2019,05-05-2019,Chandigarh,Punjab Cricket Association IS Bindra Stadium,Chennai Super Kings,Kings XI Punjab,Kings XI Punjab,field,Kings XI Punjab,normal,KL Rahul
1178431,2019,05-05-2019,Mumbai,Wankhede Stadium,Kolkata Knight Riders,Mumbai Indians,Mumbai Indians,field,Mumbai Indians,normal,HH Pandya
1181764,2019,07-05-2019,Chennai,MA Chidambaram Stadium,Chennai Super Kings,Mumbai Indians,Chennai Super Kings,bat,Mumbai Indians,normal,SA Yadav
1181766,2019,08-05-2019,Visakhapatnam,Dr. Y.S. Rajasekhara Reddy ACA-VDCA Cricket Stadium,Sunrisers Hyderabad,Delhi Capitals,Delhi Capitals,field,Delhi Capitals,normal,RR Pant
1181767,2019,10-05-2019,Visakhapatnam,Dr. Y.S. Rajasekhara Reddy ACA-VDCA Cricket Stadium,Delhi Capitals,Chennai Super Kings,Chennai Super Kings,field,Chennai Super Kings,normal,F du Plessis
1181768,2019,12-05-2019,Hyderabad,Rajiv Gandhi International Stadium,Mumbai Indians,Chennai Super Kings,Mumbai Indians,bat,Mumbai Indians,normal,JJ Bumrah
1216492,2020/21,19-09-2020,Abu Dhabi,Sheikh Zayed Stadium,Mumbai Indians,Chennai Super Kings,Chennai Super Kings,field,Chennai Super Kings,normal,AT Rayudu
1216493,2020/21,20-09-2020,,Dubai International Cricket Stadium,Delhi Capitals,Kings XI Punjab,Kings XI Punjab,field,,tie,MP Stoinis
1216494,2020/21,21-10-2020,Abu Dhabi,Sheikh Zayed Stadium,Kolkata Knight Riders,Royal Challengers Bangalore,Kolkata Knight Riders,bat,Royal Challengers Bangalore,normal,Mohammed Siraj
1216495,2020/21,03-11-2020,,Sharjah Cricket Stadium,Mumbai Indians,Sunrisers Hyderabad,Sunrisers Hyderabad,field,Sunrisers Hyderabad,normal,S Nadeem
1216496,2020/21,22-09-2020,,Sharjah Cricket Stadium,Rajasthan Royals,Chennai Super Kings,Chennai Super Kings,field,Rajasthan Royals,normal,SV Samson
1216497,2020/21,24-10-2020,Abu Dhabi,Sheikh Zayed Stadium,Kolkata Knight Riders,Delhi Capitals,Delhi Capitals,field,Kolkata Knight Riders,normal,CV Varun
1216498,2020/21,24-10-2020,,Dubai International Cricket Stadium,Kings XI Punjab,Sunrisers Hyderabad,Sunrisers Hyderabad,field,Kings XI Punjab,normal,CJ Jordan
1216499,2020/21,28-10-2020,Abu Dhabi,Sheikh Zayed Stadium,Royal Challengers Bangalore,Mumbai Indians,Mumbai Indians,field,Mumbai Indians,normal,SA Yadav
1216500,2020/21,09-10-2020,,Sharjah Cricket Stadium,Delhi Capitals,Rajasthan Royals,Rajasthan Royals,field,Delhi Capitals,normal,R Ashwin
1216501,2020/21,07-10-2020,Abu Dhabi,Sheikh Zayed Stadium,Kolkata Knight Riders,Chennai Super Kings,Kolkata Knight Riders,bat,Kolkata Knight Riders,normal,RA Tripathi
1216502,2020/21,31-10-2020,,Sharjah Cricket Stadium,Royal Challengers Bangalore,Sunrisers Hyderabad,Sunrisers Hyderabad,field,Sunrisers Hyderabad,normal,Sandeep Sharma
1216503,2020/21,01-10-2020,Abu Dhabi,Sheikh Zayed Stadium,Mumbai Indians,Kings XI Punjab,Kings XI Punjab,field,Mumbai Indians,normal,KA Pollard
1216504,2020/21,30-09-2020,,Dubai International Cricket Stadium,Kolkata Knight Riders,Rajasthan Royals,Rajasthan Royals,field,Kolkata Knight Riders,normal,Shivam Mavi
1216505,2020/21,02-11-2020,Abu Dhabi,Sheikh Zayed Stadium,Royal Challengers Bangalore,Delhi Capitals,Delhi Capitals,field,Delhi Capitals,normal,A Nortje
1216506,2020/21,01-11-2020,Abu Dhabi,Sheikh Zayed Stadium,Kings XI Punjab,Chennai Super Kings,Chennai Super Kings,field,Chennai Super Kings,normal,RD Gaikwad
1216507,2020/21,11-10-2020,,Dubai International Cricket Stadium,Sunrisers Hyderabad,Rajasthan Royals,Sunrisers Hyderabad,bat,Rajasthan Royals,normal,R Tewatia
1216508,2020/21,23-09-2020,Abu Dhabi,Sheikh Zayed Stadium,Mumbai Indians,Kolkata Knight Riders,Kolkata Knight Riders,field,Mumbai Indians,normal,RG Sharma
1216509,2020/21,17-10-2020,,Sharjah Cricket Stadium,Chennai Super Kings,Delhi Capitals,Chennai Super Kings,bat,Delhi Capitals,normal,S Dhawan
1216510,2020/21,24-09-2020,,Dubai International Cricket Stadium,Kings XI Punjab,Royal Challengers Bangalore,Royal Challengers Bangalore,field,Kings XI Punjab,normal,KL Rahul
1216511,2020/21,06-10-2020,Abu Dhabi,Sheikh Zayed Stadium,Mumbai Indians,Rajasthan Royals,Mumbai Indians,bat,Mumbai Indians,normal,SA Yadav
1216512,2020/21,18-10-2020,Abu Dhabi,Sheikh Zayed Stadium,Kolkata Knight Riders,Sunrisers Hyderabad,Sunrisers Hyderabad,field,,tie,LH Ferguson
1216513,2020/21,04-10-2020,,Dubai International Cricket Stadium,Kings XI Punjab,Chennai Super Kings,Kings XI Punjab,bat,Chennai Super Kings,normal,SR Watson
1216514,2020/21,03-10-2020,Abu Dhabi,Sheikh Zayed Stadium,Rajasthan Royals,Royal Challengers Bangalore,Rajasthan Royals,bat,Royal Challengers Bangalore,normal,YS Chahal
1216515,2020/21,03-10-2020,,Sharjah Cricket Stadium,Delhi Capitals,Kolkata Knight Riders,Kolkata Knight Riders,field,Delhi Capitals,normal,SS Iyer
1216516,2020/21,02-10-2020,,Dubai International Cricket Stadium,Sunrisers Hyderabad,Chennai Super Kings,Sunrisers Hyderabad,bat,Sunrisers Hyderabad,normal,PK Garg
1216517,2020/21,18-10-2020,,Dubai International Cricket Stadium,Mumbai Indians,Kings XI Punjab,Mumbai Indians,bat,,tie,KL Rahul
1216518,2020/21,22-10-2020,,Dubai International Cricket Stadium,Rajasthan Royals,Sunrisers Hyderabad,Sunrisers Hyderabad,field,Sunrisers Hyderabad,normal,MK Pandey
1216519,2020/21,05-10-2020,,Dubai International Cricket Stadium,Delhi Capitals,Royal Challengers Bangalore,Royal Challengers Bangalore,field,Delhi Capitals,normal,AR Patel
1216520,2020/21,26-10-2020,,Sharjah Cricket Stadium,Kolkata Knight Riders,Kings XI Punjab,Kings XI Punjab,field,Kings XI Punjab,normal,CH Gayle
1216521,2020/21,23-10-2020,,Sharjah Cricket Stadium,Chennai Super Kings,Mumbai Indians,Mumbai Indians,field,Mumbai Indians,normal,TA Boult
1216522,2020/21,17-10-2020,,Dubai International Cricket Stadium,Rajasthan Royals,Royal Challengers Bangalore,Rajasthan Royals,bat,Royal Challengers Bangalore,normal,AB de Villiers
1216523,2020/21,10-10-2020,Abu Dhabi,Sheikh Zayed Stadium,Kolkata Knight Riders,Kings XI Punjab,Kolkata Knight Riders,bat,Kolkata Knight Riders,normal,KD Karthik
1216524,2020/21,27-10-2020,,Dubai International Cricket Stadium,Sunrisers Hyderabad,Delhi Capitals,Delhi Capitals,field,Sunrisers Hyderabad,normal,WP Saha
1216525,2020/21,10-10-2020,,Dubai International Cricket Stadium,Royal Challengers Bangalore,Chennai Super Kings,Royal Challengers Bangalore,bat,Royal Challengers Bangalore,normal,V Kohli
1216526,2020/21,16-10-2020,Abu Dhabi,Sheikh Zayed Stadium,Kolkata Knight Riders,Mumbai Indians,Kolkata Knight Riders,bat,Mumbai Indians,normal,Q de Kock
1216527,2020/21,27-09-2020,,Sharjah Cricket Stadium,Kings XI Punjab,Rajasthan Royals,Rajasthan Royals,field,Rajasthan Royals,normal,SV Samson
1216528,2020/21,13-10-2020,,Dubai International Cricket Stadium,Chennai Super Kings,Sunrisers Hyderabad,Chennai Super Kings,bat,Chennai Super Kings,normal,RA Jadeja
1216529,2020/21,11-10-2020,Abu Dhabi,Sheikh Zayed Stadium,Delhi Capitals,Mumbai Indians,Delhi Capitals,bat,Mumbai Indians,normal,Q de Kock
1216530,2020/21,01-11-2020,,Dubai International Cricket Stadium,Kolkata Knight Riders,Rajasthan Royals,Rajasthan Royals,field,Kolkata Knight Riders,normal,PJ Cummins
1216531,2020/21,15-10-2020,,Sharjah Cricket Stadium,Royal Challengers Bangalore,Kings XI Punjab,Royal Challengers Bangalore,bat,Kings XI Punjab,normal,KL Rahul
1216532,2020/21,29-09-2020,Abu Dhabi,Sheikh Zayed Stadium,Sunrisers Hyderabad,Delhi Capitals,Delhi Capitals,field,Sunrisers Hyderabad,normal,Rashid Khan
1216533,2020/21,19-10-2020,Abu Dhabi,Sheikh Zayed Stadium,Chennai Super Kings,Rajasthan Royals,Chennai Super Kings,bat,Rajasthan Royals,normal,JC Buttler
1216534,2020/21,21-09-2020,,Dubai International Cricket Stadium,Royal Challengers Bangalore,Sunrisers Hyderabad,Sunrisers Hyderabad,field,Royal Challengers Bangalore,normal,YS Chahal
1216535,2020/21,31-10-2020,,Dubai International Cricket Stadium,Delhi Capitals,Mumbai Indians,Mumbai Indians,field,Mumbai Indians,normal,Ishan Kishan
1216536,2020/21,29-10-2020,,Dubai International Cricket Stadium,Kolkata Knight Riders,Chennai Super Kings,Chennai Super Kings,field,Chennai Super Kings,normal,RD Gaikwad
1216537,2020/21,30-10-2020,Abu Dhabi,Sheikh Zayed Stadium,Kings XI Punjab,Rajasthan Royals,Rajasthan Royals,field,Rajasthan Royals,normal,BA Stokes
1216538,2020/21,04-10-2020,,Sharjah Cricket Stadium,Mumbai Indians,Sunrisers Hyderabad,Mumbai Indians,bat,Mumbai Indians,normal,TA Boult
1216539,2020/21,25-09-2020,,Dubai International Cricket Stadium,Delhi Capitals,Chennai Super Kings,Chennai Super Kings,field,Delhi Capitals,normal,PP Shaw
1216540,2020/21,12-10-2020,,Sharjah Cricket Stadium,Royal Challengers Bangalore,Kolkata Knight Riders,Royal Challengers Bangalore,bat,Royal Challengers Bangalore,normal,AB de Villiers
1216541,2020/21,25-10-2020,Abu Dhabi,Sheikh Zayed Stadium,Mumbai Indians,Rajasthan Royals,Mumbai Indians,bat,Rajasthan Royals,normal,BA Stokes
1216542,2020/21,08-10-2020,,Dubai International Cricket Stadium,Sunrisers Hyderabad,Kings XI Punjab,Sunrisers Hyderabad,bat,Sunrisers Hyderabad,normal,JM Bairstow
1216543,2020/21,14-10-2020,,Dubai International Cricket Stadium,Delhi Capitals,Rajasthan Royals,Delhi Capitals,bat,Delhi Capitals,normal,A Nortje
1216544,2020/21,25-10-2020,,Dubai International Cricket Stadium,Royal Challengers Bangalore,Chennai Super Kings,Royal Challengers Bangalore,bat,Chennai Super Kings,normal,RD Gaikwad
1216545,2020/21,26-09-2020,Abu Dhabi,Sheikh Zayed Stadium,Sunrisers Hyderabad,Kolkata Knight Riders,Sunrisers Hyderabad,bat,Kolkata Knight Riders,normal,Shubman Gill
1216546,2020/21,20-10-2020,,Dubai International Cricket Stadium,Delhi Capitals,Kings XI Punjab,Delhi Capitals,bat,Kings XI Punjab,normal,S Dhawan
1216547,2020/21,28-09-2020,,Dubai International Cricket Stadium,Royal Challengers Bangalore,Mumbai Indians,Mumbai Indians,field,,tie,AB de Villiers
1237177,2020/21,05-11-2020,,Dubai International Cricket Stadium,Mumbai Indians,Delhi Capitals,Delhi Capitals,field,Mumbai Indians,normal,JJ Bumrah
1237178,2020/21,06-11-2020,Abu Dhabi,Sheikh Zayed Stadium,Royal Challengers Bangalore,Sunrisers Hyderabad,Sunrisers Hyderabad,field,Sunrisers Hyderabad,normal,KS Williamson
1237180,2020/21,08-11-2020,Abu Dhabi,Sheikh Zayed Stadium,Delhi Capitals,Sunrisers Hyderabad,Delhi Capitals,bat,Delhi Capitals,normal,MP Stoinis
1237181,2020/21,10-11-2020,,Dubai International Cricket Stadium,Delhi Capitals,Mumbai Indians,Delhi Capitals,bat,Mumbai Indians,normal,TA Boult
1254058,2021,09-04-2021,Chennai,"MA Chidambaram Stadium, Chepauk, Chennai",Mumbai Indians,Royal Challengers Bangalore,Royal Challengers Bangalore,field,Royal Challengers Bangalore,normal,HV Patel
1254059,2021,10-04-2021,Mumbai,"Wankhede Stadium, Mumbai",Chennai Super Kings,Delhi Capitals,Delhi Capitals,field,Delhi Capitals,normal,S Dhawan
1254060,2021,11-04-2021,Chennai,"MA Chidambaram Stadium, Chepauk, Chennai",Kolkata Knight Riders,Sunrisers Hyderabad,Sunrisers Hyderabad,field,Kolkata Knight Riders,normal,N Rana
1254061,2021,12-04-2021,Mumbai,"Wankhede Stadium, Mumbai",Punjab Kings,Rajasthan Royals,Rajasthan Royals,field,Punjab Kings,normal,SV Samson
1254062,2021,13-04-2021,Chennai,"MA Chidambaram Stadium, Chepauk, Chennai",Mumbai Indians,Kolkata Knight Riders,Kolkata Knight Riders,field,Mumbai Indians,normal,RD Chahar
1254063,2021,14-04-2021,Chennai,"MA Chidambaram Stadium, Chepauk, Chennai",Royal Challengers Bangalore,Sunrisers Hyderabad,Sunrisers Hyderabad,field,Royal Challengers Bangalore,normal,GJ Maxwell
1254064,2021,15-04-2021,Mumbai,"Wankhede Stadium, Mumbai",Delhi Capitals,Rajasthan Royals,Rajasthan Royals,field,Rajasthan Royals,normal,JD Unadkat
1254065,2021,16-04-2021,Mumbai,"Wankhede Stadium, Mumbai",Punjab Kings,Chennai Super Kings,Chennai Super Kings,field,Chennai Super Kings,normal,DL Chahar
1254066,2021,17-04-2021,Chennai,"MA Chidambaram Stadium, Chepauk, Chennai",Mumbai Indians,Sunrisers Hyderabad,Mumbai Indians,bat,Mumbai Indians,normal,KA Pollard
1254067,2021,18-04-2021,Chennai,"MA Chidambaram Stadium, Chepauk, Chennai",Royal Challengers Bangalore,Kolkata Knight Riders,Royal Challengers Bangalore,bat,Royal Challengers Bangalore,normal,AB de Villiers
1254068,2021,18-04-2021,Mumbai,"Wankhede Stadium, Mumbai",Punjab Kings,Delhi Capitals,Delhi Capitals,field,Delhi Capitals,normal,S Dhawan
1254069,2021,19-04-2021,Mumbai,"Wankhede Stadium, Mumbai",Chennai Super Kings,Rajasthan Royals,Rajasthan Royals,field,Chennai Super Kings,normal,MM Ali
1254070,2021,20-04-2021,Chennai,"MA Chidambaram Stadium, Chepauk, Chennai",Mumbai Indians,Delhi Capitals,Mumbai Indians,bat,Delhi Capitals,normal,A Mishra
1254071,2021,21-04-2021,Chennai,"MA Chidambaram Stadium, Chepauk, Chennai",Punjab Kings,Sunrisers Hyderabad,Punjab Kings,bat,Sunrisers Hyderabad,normal,JM Bairstow
1254072,2021,21-04-2021,Mumbai,"Wankhede Stadium, Mumbai",Chennai Super Kings,Kolkata Knight Riders,Kolkata Knight Riders,field,Chennai Super Kings,normal,F du Plessis
1254073,2021,22-04-2021,Mumbai,"Wankhede Stadium, Mumbai",Rajasthan Royals,Royal Challengers Bangalore,Royal Challengers Bangalore,field,Royal Challengers Bangalore,normal,D Padikkal
1254074,2021,23-04-2021,Chennai,"MA Chidambaram Stadium, Chepauk, Chennai",Mumbai Indians,Punjab Kings,Punjab Kings,field,Punjab Kings,normal,KL Rahul
1254075,2021,24-04-2021,Mumbai,"Wankhede Stadium, Mumbai",Kolkata Knight Riders,Rajasthan Royals,Rajasthan Royals,field,Rajasthan Royals,normal,CH Morris
1254076,2021,25-04-2021,Mumbai,"Wankhede Stadium, Mumbai",Chennai Super Kings,Royal Challengers Bangalore,Chennai Super Kings,bat,Chennai Super Kings,normal,RA Jadeja
1254077,2021,25-04-2021,Chennai,"MA Chidambaram Stadium, Chepauk, Chennai",Delhi Capitals,Sunrisers Hyderabad,Delhi Capitals,bat,,tie,PP Shaw
1254078,2021,26-04-2021,Ahmedabad,"Narendra Modi Stadium, Ahmedabad",Punjab Kings,Kolkata Knight Riders,Kolkata Knight Riders,field,Kolkata Knight Riders,normal,EJG Morgan
1254079,2021,27-04-2021,Ahmedabad,"Narendra Modi Stadium, Ahmedabad",Royal Challengers Bangalore,Delhi Capitals,Delhi Capitals,field,Royal Challengers Bangalore,normal,AB de Villiers
1254080,2021,28-04-2021,Delhi,"Arun Jaitley Stadium, Delhi",Sunrisers Hyderabad,Chennai Super Kings,Sunrisers Hyderabad,bat,Chennai Super Kings,normal,RD Gaikwad
1254081,2021,29-04-2021,Delhi,"Arun Jaitley Stadium, Delhi",Rajasthan Royals,Mumbai Indians,Mumbai Indians,field,Mumbai Indians,normal,Q de Kock
1254082,2021,29-04-2021,Ahmedabad,"Narendra Modi Stadium, Ahmedabad",Kolkata Knight Riders,Delhi Capitals,Delhi Capitals,field,Delhi Capitals,normal,PP Shaw
1254083,2021,30-04-2021,Ahmedabad,"Narendra Modi Stadium, Ahmedabad",Punjab Kings,Royal Challengers Bangalore,Royal Challengers Bangalore,field,Punjab Kings,normal,Harpreet Brar
1254084,2021,01-05-2021,Delhi,"Arun Jaitley Stadium, Delhi",Chennai Super Kings,Mumbai Indians,Mumbai Indians,field,Mumbai Indians,normal,KA Pollard
1254085,2021,02-05-2021,Delhi,"Arun Jaitley Stadium, Delhi",Rajasthan Royals,Sunrisers Hyderabad,Sunrisers Hyderabad,field,Rajasthan Royals,normal,JC Buttler
1254086,2021,02-05-2021,Ahmedabad,"Narendra Modi Stadium, Ahmedabad",Punjab Kings,Delhi Capitals,Delhi Capitals,field,Delhi Capitals,normal,MA Agarwal
1254087,2021,20-09-2021,Abu Dhabi,"Zayed Cricket Stadium, Abu Dhabi",Royal Challengers Bangalore,Kolkata Knight Riders,Royal Challengers Bangalore,bat,Kolkata Knight Riders,normal,CV Varun
1254088,2021,08-10-2021,Abu Dhabi,"Zayed Cricket Stadium, Abu Dhabi",Mumbai Indians,Sunrisers Hyderabad,Mumbai Indians,bat,Mumbai Indians,normal,Ishan Kishan
1254089,2021,02-10-2021,Abu Dhabi,"Zayed Cricket Stadium, Abu Dhabi",Chennai Super Kings,Rajasthan Royals,Rajasthan Royals,field,Rajasthan Royals,normal,RD Gaikwad
1254090,2021,03-10-2021,Sharjah,Sharjah Cricket Stadium,Royal Challengers Bangalore,Punjab Kings,Royal Challengers Bangalore,bat,Royal Challengers Bangalore,normal,GJ Maxwell
1254091,2021,30-09-2021,Sharjah,Sharjah Cricket Stadium,Sunrisers Hyderabad,Chennai Super Kings,Chennai Super Kings,field,Chennai Super Kings,normal,JR Hazlewood
1254092,2021,28-09-2021,Sharjah,Sharjah Cricket Stadium,Delhi Capitals,Kolkata Knight Riders,Kolkata Knight Riders,field,Kolkata Knight Riders,normal,SP Narine
1254093,2021,05-10-2021,Sharjah,Sharjah Cricket Stadium,Rajasthan Royals,Mumbai Indians,Mumbai Indians,field,Mumbai Indians,normal,NM Coulter-Nile
1254094,2021,07-10-2021,Dubai,Dubai International Cricket Stadium,Chennai Super Kings,Punjab Kings,Punjab Kings,field,Punjab Kings,normal,KL Rahul
1254095,2021,06-10-2021,Abu Dhabi,"Zayed Cricket Stadium, Abu Dhabi",Sunrisers Hyderabad,Royal Challengers Bangalore,Royal Challengers Bangalore,field,Sunrisers Hyderabad,normal,KS Williamson
1254096,2021,23-09-2021,Abu Dhabi,"Zayed Cricket Stadium, Abu Dhabi",Mumbai Indians,Kolkata Knight Riders,Kolkata Knight Riders,field,Kolkata Knight Riders,normal,SP Narine
1254097,2021,25-09-2021,Abu Dhabi,"Zayed Cricket Stadium, Abu Dhabi",Delhi Capitals,Rajasthan Royals,Rajasthan Royals,field,Delhi Capitals,normal,SS Iyer
1254098,2021,26-09-2021,Abu Dhabi,"Zayed Cricket Stadium, Abu Dhabi",Kolkata Knight Riders,Chennai Super Kings,Kolkata Knight Riders,bat,Chennai Super Kings,normal,RA Jadeja
1254099,2021,28-09-2021,Abu Dhabi,"Zayed Cricket Stadium, Abu Dhabi",Punjab Kings,Mumbai Indians,Mumbai Indians,field,Mumbai Indians,normal,KA Pollard
1254100,2021,27-09-2021,Dubai,Dubai International Cricket Stadium,Rajasthan Royals,Sunrisers Hyderabad,Rajasthan Royals,bat,Sunrisers Hyderabad,normal,JJ Roy
1254101,2021,08-10-2021,Dubai,Dubai International Cricket Stadium,Delhi Capitals,Royal Challengers Bangalore,Royal Challengers Bangalore,field,Royal Challengers Bangalore,normal,KS Bharat
1254102,2021,01-10-2021,Dubai,Dubai International Cricket Stadium,Kolkata Knight Riders,Punjab Kings,Punjab Kings,field,Punjab Kings,normal,KL Rahul
1254103,2021,29-09-2021,Dubai,Dubai International Cricket Stadium,Rajasthan Royals,Royal Challengers Bangalore,Royal Challengers Bangalore,field,Royal Challengers Bangalore,normal,YS Chahal
1254104,2021,19-09-2021,Dubai,Dubai International Cricket Stadium,Chennai Super Kings,Mumbai Indians,Chennai Super Kings,bat,Chennai Super Kings,normal,RD Gaikwad
1254105,2021,22-09-2021,Dubai,Dubai International Cricket Stadium,Sunrisers Hyderabad,Delhi Capitals,Sunrisers Hyderabad,bat,Delhi Capitals,normal,A Nortje
1254106,2021,07-10-2021,Sharjah,Sharjah Cricket Stadium,Kolkata Knight Riders,Rajasthan Royals,Rajasthan Royals,field,Kolkata Knight Riders,normal,Shivam Mavi
1254107,2021,25-09-2021,Sharjah,Sharjah Cricket Stadium,Punjab Kings,Sunrisers Hyderabad,Sunrisers Hyderabad,field,Punjab Kings,normal,JO Holder
1254108,2021,26-09-2021,Dubai,Dubai International Cricket Stadium,Royal Challengers Bangalore,Mumbai Indians,Mumbai Indians,field,Royal Challengers Bangalore,normal,GJ Maxwell
1254109,2021,03-10-2021,Dubai,Dubai International Cricket Stadium,Sunrisers Hyderabad,Kolkata Knight Riders,Sunrisers Hyderabad,bat,Kolkata Knight Riders,normal,Shubman Gill
1254110,2021,04-10-2021,Dubai,Dubai International Cricket Stadium,Chennai Super Kings,Delhi Capitals,Delhi Capitals,field,Delhi Capitals,normal,AR Patel
1254111,2021,21-09-2021,Dubai,Dubai International Cricket Stadium,Rajasthan Royals,Punjab Kings,Punjab Kings,field,Rajasthan Royals,normal,Kartik Tyagi
1254112,2021,02-10-2021,Sharjah,Sharjah Cricket Stadium,Mumbai Indians,Delhi Capitals,Delhi Capitals,field,Delhi Capitals,normal,AR Patel
1254113,2021,24-09-2021,Sharjah,Sharjah Cricket Stadium,Royal Challengers Bangalore,Chennai Super Kings,Chennai Super Kings,field,Chennai Super Kings,normal,DJ Bravo
1254114,2021,10-10-2021,Dubai,Dubai International Cricket Stadium,Delhi Capitals,Chennai Super Kings,Chennai Super Kings,field,Chennai Super Kings,normal,RD Gaikwad
1254115,2021,11-10-2021,Sharjah,Sharjah Cricket Stadium,Royal Challengers Bangalore,Kolkata Knight Riders,Royal Challengers Bangalore,bat,Kolkata Knight Riders,normal,SP Narine
1254116,2021,13-10-2021,Sharjah,Sharjah Cricket Stadium,Delhi Capitals,Kolkata Knight Riders,Kolkata Knight Riders,field,Kolkata Knight Riders,normal,VR Iyer
1254117,2021,15-10-2021,Dubai,Dubai International Cricket Stadium,Chennai Super Kings,Kolkata Knight Riders,Kolkata Knight Riders,field,Chennai Super Kings,normal,F du Plessis
1304047,2022,26-03-2022,Mumbai,"Wankhede Stadium, Mumbai",Chennai Super Kings,Kolkata Knight Riders,Kolkata Knight Riders,field,Kolkata Knight Riders,normal,UT Yadav
1304048,2022,27-03-2022,Mumbai,"Brabourne Stadium, Mumbai",Mumbai Indians,Delhi Capitals,Delhi Capitals,field,Delhi Capitals,normal,Kuldeep Yadav
1304049,2022,27-03-2022,Mumbai,"Dr DY Patil Sports Academy, Mumbai",Royal Challengers Bangalore,Punjab Kings,Punjab Kings,field,Punjab Kings,normal,OF Smith
1304050,2022,28-03-2022,Mumbai,"Wankhede Stadium, Mumbai",Lucknow Super Giants,Gujarat Titans,Gujarat Titans,field,Gujarat Titans,normal,Mohammed Shami
1304051,2022,29-03-2022,Pune,"Maharashtra Cricket Association Stadium, Pune",Rajasthan Royals,Sunrisers Hyderabad,Sunrisers Hyderabad,field,Rajasthan Royals,normal,SV Samson
1304052,2022,30-03-2022,Mumbai,"Dr DY Patil Sports Academy, Mumbai",Kolkata Knight Riders,Royal Challengers Bangalore,Royal Challengers Bangalore,field,Royal Challengers Bangalore,normal,PWH de Silva
1304053,2022,31-03-2022,Mumbai,"Brabourne Stadium, Mumbai",Chennai Super Kings,Lucknow Super Giants,Lucknow Super Giants,field,Lucknow Super Giants,normal,E Lewis
1304054,2022,01-04-2022,Mumbai,"Wankhede Stadium, Mumbai",Punjab Kings,Kolkata Knight Riders,Kolkata Knight Riders,field,Kolkata Knight Riders,normal,UT Yadav
1304055,2022,02-04-2022,Mumbai,"Dr DY Patil Sports Academy, Mumbai",Rajasthan Royals,Mumbai Indians,Mumbai Indians,field,Rajasthan Royals,normal,JC Buttler
1304056,2022,02-04-2022,Pune,"Maharashtra Cricket Association Stadium, Pune",Gujarat Titans,Delhi Capitals,Delhi Capitals,field,Gujarat Titans,normal,LH Ferguson
1304057,2022,03-04-2022,Mumbai,"Brabourne Stadium, Mumbai",Punjab Kings,Chennai Super Kings,Chennai Super Kings,field,Punjab Kings,normal,LS Livingstone
1304058,2022,04-04-2022,Mumbai,"Dr DY Patil Sports Academy, Mumbai",Lucknow Super Giants,Sunrisers Hyderabad,Sunrisers Hyderabad,field,Lucknow Super Giants,normal,Avesh Khan
1304059,2022,05-04-2022,Mumbai,"Wankhede Stadium, Mumbai",Rajasthan Royals,Royal Challengers Bangalore,Royal Challengers Bangalore,field,Royal Challengers Bangalore,normal,KD Karthik
1304060,2022,06-04-2022,Pune,"Maharashtra Cricket Association Stadium, Pune",Mumbai Indians,Kolkata Knight Riders,Kolkata Knight Riders,field,Kolkata Knight Riders,normal,PJ Cummins
1304061,2022,07-04-2022,Mumbai,"Dr DY Patil Sports Academy, Mumbai",Delhi Capitals,Lucknow Super Giants,Lucknow Super Giants,field,Lucknow Super Giants,normal,Q de Kock
1304062,2022,08-04-2022,Mumbai,"Brabourne Stadium, Mumbai",Punjab Kings,Gujarat Titans,Gujarat Titans,field,Gujarat Titans,normal,Shubman Gill
1304063,2022,09-04-2022,Mumbai,"Dr DY Patil Sports Academy, Mumbai",Chennai Super Kings,Sunrisers Hyderabad,Sunrisers Hyderabad,field,Sunrisers Hyderabad,normal,Abhishek Sharma
1304064,2022,09-04-2022,Pune,"Maharashtra Cricket Association Stadium, Pune",Mumbai Indians,Royal Challengers Bangalore,Royal Challengers Bangalore,field,Royal Challengers Bangalore,normal,Anuj Rawat
1304065,2022,10-04-2022,Mumbai,"Brabourne Stadium, Mumbai",Delhi Capitals,Kolkata Knight Riders,Kolkata Knight Riders,field,Delhi Capitals,normal,Kuldeep Yadav
1304066,2022,10-04-2022,Mumbai,"Wankhede Stadium, Mumbai",Rajasthan Royals,Lucknow Super Giants,Lucknow Super Giants,field,Rajasthan Royals,normal,YS Chahal
1304067,2022,11-04-2022,Mumbai,"Dr DY Patil Sports Academy, Mumbai",Gujarat Titans,Sunrisers Hyderabad,Sunrisers Hyderabad,field,Sunrisers Hyderabad,normal,KS Williamson
1304068,2022,12-04-2022,Mumbai,"Dr DY Patil Sports Academy, Mumbai",Chennai Super Kings,Royal Challengers Bangalore,Royal Challengers Bangalore,field,Chennai Super Kings,normal,S Dube
1304069,2022,13-04-2022,Pune,"Maharashtra Cricket Association Stadium, Pune",Punjab Kings,Mumbai Indians,Mumbai Indians,field,Punjab Kings,normal,MA Agarwal
1304070,2022,14-04-2022,Mumbai,"Dr DY Patil Sports Academy, Mumbai",Gujarat Titans,Rajasthan Royals,Rajasthan Royals,field,Gujarat Titans,normal,HH Pandya
1304071,2022,15-04-2022,Mumbai,"Brabourne Stadium, Mumbai",Kolkata Knight Riders,Sunrisers Hyderabad,Sunrisers Hyderabad,field,Sunrisers Hyderabad,normal,RA Tripathi
1304072,2022,16-04-2022,Mumbai,"Brabourne Stadium, Mumbai",Lucknow Super Giants,Mumbai Indians,Mumbai Indians,field,Lucknow Super Giants,normal,KL Rahul
1304073,2022,16-04-2022,Mumbai,"Wankhede Stadium, Mumbai",Royal Challengers Bangalore,Delhi Capitals,Delhi Capitals,field,Royal Challengers Bangalore,normal,KD Karthik
1304074,2022,17-04-2022,Mumbai,"Dr DY Patil Sports Academy, Mumbai",Punjab Kings,Sunrisers Hyderabad,Sunrisers Hyderabad,field,Sunrisers Hyderabad,normal,Umran Malik
1304075,2022,17-04-2022,Pune,"Maharashtra Cricket Association Stadium, Pune",Chennai Super Kings,Gujarat Titans,Gujarat Titans,field,Gujarat Titans,normal,DA Miller
1304076,2022,18-04-2022,Mumbai,"Brabourne Stadium, Mumbai",Rajasthan Royals,Kolkata Knight Riders,Kolkata Knight Riders,field,Rajasthan Royals,normal,YS Chahal
1304077,2022,19-04-2022,Mumbai,"Dr DY Patil Sports Academy, Mumbai",Royal Challengers Bangalore,Lucknow Super Giants,Lucknow Super Giants,field,Royal Challengers Bangalore,normal,F du Plessis
1304078,2022,20-04-2022,Mumbai,"Brabourne Stadium, Mumbai",Punjab Kings,Delhi Capitals,Delhi Capitals,field,Delhi Capitals,normal,Kuldeep Yadav
1304079,2022,21-04-2022,Navi Mumbai,"Dr DY Patil Sports Academy, Mumbai",Mumbai Indians,Chennai Super Kings,Chennai Super Kings,field,Chennai Super Kings,normal,Mukesh Choudhary
1304080,2022,22-04-2022,Mumbai,"Wankhede Stadium, Mumbai",Rajasthan Royals,Delhi Capitals,Delhi Capitals,field,Rajasthan Royals,normal,JC Buttler
1304081,2022,23-04-2022,Navi Mumbai,"Dr DY Patil Sports Academy, Mumbai",Gujarat Titans,Kolkata Knight Riders,Gujarat Titans,bat,Gujarat Titans,normal,Rashid Khan
1304082,2022,23-04-2022,Mumbai,"Brabourne Stadium, Mumbai",Royal Challengers Bangalore,Sunrisers Hyderabad,Sunrisers Hyderabad,field,Sunrisers Hyderabad,normal,M Jansen
1304083,2022,24-04-2022,Mumbai,"Wankhede Stadium, Mumbai",Lucknow Super Giants,Mumbai Indians,Mumbai Indians,field,Lucknow Super Giants,normal,KL Rahul
1304084,2022,25-04-2022,Mumbai,"Wankhede Stadium, Mumbai",Punjab Kings,Chennai Super Kings,Chennai Super Kings,field,Punjab Kings,normal,S Dhawan
1304085,2022,26-04-2022,Pune,"Maharashtra Cricket Association Stadium, Pune",Rajasthan Royals,Royal Challengers Bangalore,Royal Challengers Bangalore,field,Rajasthan Royals,normal,R Parag
1304086,2022,27-04-2022,Mumbai,"Wankhede Stadium, Mumbai",Sunrisers Hyderabad,Gujarat Titans,Gujarat Titans,field,Gujarat Titans,normal,Umran Malik
1304087,2022,28-04-2022,Mumbai,"Wankhede Stadium, Mumbai",Kolkata Knight Riders,Delhi Capitals,Delhi Capitals,field,Delhi Capitals,normal,Kuldeep Yadav
1304088,2022,29-04-2022,Pune,"Maharashtra Cricket Association Stadium, Pune",Lucknow Super Giants,Punjab Kings,Punjab Kings,field,Lucknow Super Giants,normal,KH Pandya
1304089,2022,30-04-2022,Mumbai,"Brabourne Stadium, Mumbai",Royal Challengers Bangalore,Gujarat Titans,Royal Challengers Bangalore,bat,Gujarat Titans,normal,R Tewatia
1304090,2022,30-04-2022,Navi Mumbai,"Dr DY Patil Sports Academy, Mumbai",Rajasthan Royals,Mumbai Indians,Mumbai Indians,field,Mumbai Indians,normal,SA Yadav
1304091,2022,01-05-2022,Mumbai,"Wankhede Stadium, Mumbai",Lucknow Super Giants,Delhi Capitals,Lucknow Super Giants,bat,Lucknow Super Giants,normal,Mohsin Khan
1304092,2022,01-05-2022,Pune,"Maharashtra Cricket Association Stadium, Pune",Chennai Super Kings,Sunrisers Hyderabad,Sunrisers Hyderabad,field,Chennai Super Kings,normal,RD Gaikwad
1304093,2022,02-05-2022,Mumbai,"Wankhede Stadium, Mumbai",Rajasthan Royals,Kolkata Knight Riders,Kolkata Knight Riders,field,Kolkata Knight Riders,normal,RK Singh
1304094,2022,03-05-2022,Navi Mumbai,"Dr DY Patil Sports Academy, Mumbai",Gujarat Titans,Punjab Kings,Gujarat Titans,bat,Punjab Kings,normal,K Rabada
1304095,2022,04-05-2022,Pune,"Maharashtra Cricket Association Stadium, Pune",Royal Challengers Bangalore,Chennai Super Kings,Chennai Super Kings,field,Royal Challengers Bangalore,normal,HV Patel
1304096,2022,05-05-2022,Mumbai,"Brabourne Stadium, Mumbai",Delhi Capitals,Sunrisers Hyderabad,Sunrisers Hyderabad,field,Delhi Capitals,normal,DA Warner
1304097,2022,06-05-2022,Mumbai,"Brabourne Stadium, Mumbai",Mumbai Indians,Gujarat Titans,Gujarat Titans,field,Mumbai Indians,normal,TH David
1304098,2022,07-05-2022,Mumbai,"Wankhede Stadium, Mumbai",Punjab Kings,Rajasthan Royals,Punjab Kings,bat,Rajasthan Royals,normal,YBK Jaiswal
1304099,2022,07-05-2022,Pune,"Maharashtra Cricket Association Stadium, Pune",Lucknow Super Giants,Kolkata Knight Riders,Kolkata Knight Riders,field,Lucknow Super Giants,normal,Avesh Khan
1304100,2022,08-05-2022,Mumbai,"Wankhede Stadium, Mumbai",Royal Challengers Bangalore,Sunrisers Hyderabad,Royal Challengers Bangalore,bat,Royal Challengers Bangalore,normal,PWH de Silva
1304101,2022,08-05-2022,Navi Mumbai,"Dr DY Patil Sports Academy, Mumbai",Chennai Super Kings,Delhi Capitals,Delhi Capitals,field,Chennai Super Kings,normal,DP Conway
1304102,2022,09-05-2022,Navi Mumbai,"Dr DY Patil Sports Academy, Mumbai",Kolkata Knight Riders,Mumbai Indians,Mumbai Indians,field,Kolkata Knight Riders,normal,JJ Bumrah
1304103,2022,10-05-2022,Pune,"Maharashtra Cricket Association Stadium, Pune",Gujarat Titans,Lucknow Super Giants,Gujarat Titans,bat,Gujarat Titans,normal,Shubman Gill
1304104,2022,11-05-2022,Navi Mumbai,"Dr DY Patil Sports Academy, Mumbai",Rajasthan Royals,Delhi Capitals,Delhi Capitals,field,Delhi Capitals,normal,MR Marsh
1304105,2022,12-05-2022,Mumbai,"Wankhede Stadium, Mumbai",Chennai Super Kings,Mumbai Indians,Mumbai Indians,field,Mumbai Indians,normal,DR Sams
1304106,2022,13-05-2022,Mumbai,"Brabourne Stadium, Mumbai",Punjab Kings,Royal Challengers Bangalore,Royal Challengers Bangalore,field,Punjab Kings,normal,JM Bairstow
1304107,2022,14-05-2022,Pune,"Maharashtra Cricket Association Stadium, Pune",Kolkata Knight Riders,Sunrisers Hyderabad,Kolkata Knight Riders,bat,Kolkata Knight Riders,normal,AD Russell
1304108,2022,15-05-2022,Mumbai,"Wankhede Stadium, Mumbai",Chennai Super Kings,Gujarat Titans,Chennai Super Kings,bat,Gujarat Titans,normal,WP Saha
1304109,2022,15-05-2022,Mumbai,"Brabourne Stadium, Mumbai",Rajasthan Royals,Lucknow Super Giants,Rajasthan Royals,bat,Rajasthan Royals,normal,TA Boult
1304110,2022,16-05-2022,Navi Mumbai,"Dr DY Patil Sports Academy, Mumbai",Delhi Capitals,Punjab Kings,Punjab Kings,field,Delhi Capitals,normal,SN Thakur
1304111,2022,17-05-2022,Mumbai,"Wankhede Stadium, Mumbai",Sunrisers Hyderabad,Mumbai Indians,Mumbai Indians,field,Sunrisers Hyderabad,normal,RA Tripathi
1304112,2022,18-05-2022,Navi Mumbai,"Dr DY Patil Sports Academy, Mumbai",Lucknow Super Giants,Kolkata Knight Riders,Lucknow Super Giants,bat,Lucknow Super Giants,normal,Q de Kock
1304113,2022,19-05-2022,Mumbai,"Wankhede Stadium, Mumbai",Gujarat Titans,Royal Challengers Bangalore,Gujarat Titans,bat,Royal Challengers Bangalore,normal,V Kohli
1304114,2022,20-05-2022,Mumbai,"Brabourne Stadium, Mumbai",Chennai Super Kings,Rajasthan Royals,Chennai Super Kings,bat,Rajasthan Royals,normal,R Ashwin
1304115,2022,21-05-2022,Mumbai,"Wankhede Stadium, Mumbai",Delhi Capitals,Mumbai Indians,Mumbai Indians,field,Mumbai Indians,normal,JJ Bumrah
1304116,2022,22-05-2022,Mumbai,"Wankhede Stadium, Mumbai",Sunrisers Hyderabad,Punjab Kings,Sunrisers Hyderabad,bat,Punjab Kings,normal,Harpreet Brar
1312197,2022,24-05-2022,Kolkata,"Eden Gardens, Kolkata",Rajasthan Royals,Gujarat Titans,Gujarat Titans,field,Gujarat Titans,normal,DA Miller
1312198,2022,25-05-2022,Kolkata,"Eden Gardens, Kolkata",Royal Challengers Bangalore,Lucknow Super Giants,Lucknow Super Giants,field,Royal Challengers Bangalore,normal,RM Patidar
1312199,2022,27-05-2022,Ahmedabad,"Narendra Modi Stadium, Ahmedabad",Royal Challengers Bangalore,Rajasthan Royals,Rajasthan Royals,field,Rajasthan Royals,normal,JC Buttler
1312200,2022,29-05-2022,Ahmedabad,"Narendra Modi Stadium, Ahmedabad",Rajasthan Royals,Gujarat Titans,Rajasthan Royals,bat,Gujarat Titans,normal,HH Pandya
1359475,2023,31-03-2023,Ahmedabad,"Narendra Modi Stadium, Ahmedabad",Chennai Super Kings,Gujarat Titans,Gujarat Titans,field,Gujarat Titans,normal,Rashid Khan
1359476,2023,01-04-2023,Chandigarh,"Punjab Cricket Association IS Bindra Stadium, Mohali, Chandigarh",Punjab Kings,Kolkata Knight Riders,Kolkata Knight Riders,field,Punjab Kings,normal,Arshdeep Singh
1359477,2023,01-04-2023,Lucknow,"Bharat Ratna Shri Atal Bihari Vajpayee Ekana Cricket Stadium, Lucknow",Lucknow Super Giants,Delhi Capitals,Delhi Capitals,field,Lucknow Super Giants,normal,MA Wood
1359478,2023,02-04-2023,Hyderabad,"Rajiv Gandhi International Stadium, Uppal, Hyderabad",Rajasthan Royals,Sunrisers Hyderabad,Sunrisers Hyderabad,field,Rajasthan Royals,normal,JC Buttler
1359479,2023,02-04-2023,Bengaluru,"M Chinnaswamy Stadium, Bengaluru",Mumbai Indians,Royal Challengers Bangalore,Royal Challengers Bangalore,field,Royal Challengers Bangalore,normal,F du Plessis
1359480,2023,03-04-2023,Chennai,"MA Chidambaram Stadium, Chepauk, Chennai",Chennai Super Kings,Lucknow Super Giants,Lucknow Super Giants,field,Chennai Super Kings,normal,MM Ali
1359481,2023,04-04-2023,Delhi,"Arun Jaitley Stadium, Delhi",Delhi Capitals,Gujarat Titans,Gujarat Titans,field,Gujarat Titans,normal,B Sai Sudharsan
1359482,2023,05-04-2023,Guwahati,"Barsapara Cricket Stadium, Guwahati",Punjab Kings,Rajasthan Royals,Rajasthan Royals,field,Punjab Kings,normal,NT Ellis
1359483,2023,06-04-2023,Kolkata,"Eden Gardens, Kolkata",Kolkata Knight Riders,Royal Challengers Bangalore,Royal Challengers Bangalore,field,Kolkata Knight Riders,normal,SN Thakur
1359484,2023,07-04-2023,Lucknow,"Bharat Ratna Shri Atal Bihari Vajpayee Ekana Cricket Stadium, Lucknow",Sunrisers Hyderabad,Lucknow Super Giants,Sunrisers Hyderabad,bat,Lucknow Super Giants,normal,KH Pandya
1359485,2023,08-04-2023,Guwahati,"Barsapara Cricket Stadium, Guwahati",Rajasthan Royals,Delhi Capitals,Delhi Capitals,field,Rajasthan Royals,normal,YBK Jaiswal
1359486,2023,08-04-2023,Mumbai,"Wankhede Stadium, Mumbai",Mumbai Indians,Chennai Super Kings,Chennai Super Kings,field,Chennai Super Kings,normal,RA Jadeja
1359487,2023,09-04-2023,Ahmedabad,"Narendra Modi Stadium, Ahmedabad",Gujarat Titans,Kolkata Knight Riders,Gujarat Titans,bat,Kolkata Knight Riders,normal,RK Singh
1359488,2023,09-04-2023,Hyderabad,"Rajiv Gandhi International Stadium, Uppal, Hyderabad",Punjab Kings,Sunrisers Hyderabad,Sunrisers Hyderabad,field,Sunrisers Hyderabad,normal,S Dhawan
1359489,2023,10-04-2023,Bengaluru,"M Chinnaswamy Stadium, Bengaluru",Royal Challengers Bangalore,Lucknow Super Giants,Lucknow Super Giants,field,Lucknow Super Giants,normal,N Pooran
1359490,2023,11-04-2023,Delhi,"Arun Jaitley Stadium, Delhi",Delhi Capitals,Mumbai Indians,Mumbai Indians,field,Mumbai Indians,normal,RG Sharma
1359491,2023,12-04-2023,Chennai,"MA Chidambaram Stadium, Chepauk, Chennai",Rajasthan Royals,Chennai Super Kings,Chennai Super Kings,field,Rajasthan Royals,normal,R Ashwin
1359492,2023,13-04-2023,Chandigarh,"Punjab Cricket Association IS Bindra Stadium, Mohali, Chandigarh",Punjab Kings,Gujarat Titans,Gujarat Titans,field,Gujarat Titans,normal,MM Sharma
1359493,2023,14-04-2023,Kolkata,"Eden Gardens, Kolkata",Sunrisers Hyderabad,Kolkata Knight Riders,Kolkata Knight Riders,field,Sunrisers Hyderabad,normal,HC Brook
1359494,2023,15-04-2023,Bengaluru,"M Chinnaswamy Stadium, Bengaluru",Royal Challengers Bangalore,Delhi Capitals,Delhi Capitals,field,Royal Challengers Bangalore,normal,V Kohli
1359495,2023,15-04-2023,Lucknow,"Bharat Ratna Shri Atal Bihari Vajpayee Ekana Cricket Stadium, Lucknow",Lucknow Super Giants,Punjab Kings,Punjab Kings,field,Punjab Kings,normal,Sikandar Raza
1359496,2023,16-04-2023,Mumbai,"Wankhede Stadium, Mumbai",Kolkata Knight Riders,Mumbai Indians,Mumbai Indians,field,Mumbai Indians,normal,VR Iyer
1359497,2023,16-04-2023,Ahmedabad,"Narendra Modi Stadium, Ahmedabad",Gujarat Titans,Rajasthan Royals,Rajasthan Royals,field,Rajasthan Royals,normal,SO Hetmyer
1359498,2023,17-04-2023,Bengaluru,"M Chinnaswamy Stadium, Bengaluru",Chennai Super Kings,Royal Challengers Bangalore,Royal Challengers Bangalore,field,Chennai Super Kings,normal,DP Conway
1359499,2023,18-04-2023,Hyderabad,"Rajiv Gandhi International Stadium, Uppal, Hyderabad",Mumbai Indians,Sunrisers Hyderabad,Sunrisers Hyderabad,field,Mumbai Indians,normal,C Green
1359500,2023,19-04-2023,Jaipur,"Sawai Mansingh Stadium, Jaipur",Lucknow Super Giants,Rajasthan Royals,Rajasthan Royals,field,Lucknow Super Giants,normal,MP Stoinis
1359501,2023,20-04-2023,Chandigarh,"Punjab Cricket Association IS Bindra Stadium, Mohali, Chandigarh",Royal Challengers Bangalore,Punjab Kings,Punjab Kings,field,Royal Challengers Bangalore,normal,Mohammed Siraj
1359502,2023,20-04-2023,Delhi,"Arun Jaitley Stadium, Delhi",Kolkata Knight Riders,Delhi Capitals,Delhi Capitals,field,Delhi Capitals,normal,I Sharma
1359503,2023,21-04-2023,Chennai,"MA Chidambaram Stadium, Chepauk, Chennai",Sunrisers Hyderabad,Chennai Super Kings,Chennai Super Kings,field,Chennai Super Kings,normal,RA Jadeja
1359504,2023,22-04-2023,Lucknow,"Bharat Ratna Shri Atal Bihari Vajpayee Ekana Cricket Stadium, Lucknow",Gujarat Titans,Lucknow Super Giants,Gujarat Titans,bat,Gujarat Titans,normal,MM Sharma
1359505,2023,22-04-2023,Mumbai,"Wankhede Stadium, Mumbai",Punjab Kings,Mumbai Indians,Mumbai Indians,field,Punjab Kings,normal,SM Curran
1359506,2023,23-04-2023,Bengaluru,"M Chinnaswamy Stadium, Bengaluru",Royal Challengers Bangalore,Rajasthan Royals,Rajasthan Royals,field,Royal Challengers Bangalore,normal,GJ Maxwell
1359507,2023,23-04-2023,Kolkata,"Eden Gardens, Kolkata",Chennai Super Kings,Kolkata Knight Riders,Kolkata Knight Riders,field,Chennai Super Kings,normal,AM Rahane
1359508,2023,24-04-2023,Hyderabad,"Rajiv Gandhi International Stadium, Uppal, Hyderabad",Delhi Capitals,Sunrisers Hyderabad,Delhi Capitals,bat,Delhi Capitals,normal,AR Patel
1359509,2023,25-04-2023,Ahmedabad,"Narendra Modi Stadium, Ahmedabad",Gujarat Titans,Mumbai Indians,Mumbai Indians,field,Gujarat Titans,normal,A Manohar
1359510,2023,26-04-2023,Bengaluru,"M Chinnaswamy Stadium, Bengaluru",Kolkata Knight Riders,Royal Challengers Bangalore,Royal Challengers Bangalore,field,Kolkata Knight Riders,normal,CV Varun
1359511,2023,27-04-2023,Jaipur,"Sawai Mansingh Stadium, Jaipur",Rajasthan Royals,Chennai Super Kings,Rajasthan Royals,bat,Rajasthan Royals,normal,YBK Jaiswal
1359512,2023,28-04-2023,Chandigarh,"Punjab Cricket Association IS Bindra Stadium, Mohali, Chandigarh",Lucknow Super Giants,Punjab Kings,Punjab Kings,field,Lucknow Super Giants,normal,MP Stoinis
1359513,2023,29-04-2023,Kolkata,"Eden Gardens, Kolkata",Kolkata Knight Riders,Gujarat Titans,Gujarat Titans,field,Gujarat Titans,normal,J Little
1359514,2023,29-04-2023,Delhi,"Arun Jaitley Stadium, Delhi",Sunrisers Hyderabad,Delhi Capitals,Sunrisers Hyderabad,bat,Sunrisers Hyderabad,normal,MR Marsh
1359515,2023,30-04-2023,Chennai,"MA Chidambaram Stadium, Chepauk, Chennai",Chennai Super Kings,Punjab Kings,Chennai Super Kings,bat,Punjab Kings,normal,DP Conway
1359516,2023,30-04-2023,Mumbai,"Wankhede Stadium, Mumbai",Rajasthan Royals,Mumbai Indians,Rajasthan Royals,bat,Mumbai Indians,normal,YBK Jaiswal
1359517,2023,01-05-2023,Lucknow,"Bharat Ratna Shri Atal Bihari Vajpayee Ekana Cricket Stadium, Lucknow",Royal Challengers Bangalore,Lucknow Super Giants,Royal Challengers Bangalore,bat,Royal Challengers Bangalore,normal,F du Plessis
1359518,2023,02-05-2023,Ahmedabad,"Narendra Modi Stadium, Ahmedabad",Delhi Capitals,Gujarat Titans,Delhi Capitals,bat,Delhi Capitals,normal,Mohammed Shami
1359519,2023,03-05-2023,Lucknow,"Bharat Ratna Shri Atal Bihari Vajpayee Ekana Cricket Stadium, Lucknow",Lucknow Super Giants,Chennai Super Kings,Chennai Super Kings,field,,no result,
1359520,2023,03-05-2023,Chandigarh,"Punjab Cricket Association IS Bindra Stadium, Mohali, Chandigarh",Punjab Kings,Mumbai Indians,Mumbai Indians,field,Mumbai Indians,normal,Ishan Kishan
1359521,2023,04-05-2023,Hyderabad,"Rajiv Gandhi International Stadium, Uppal, Hyderabad",Kolkata Knight Riders,Sunrisers Hyderabad,Kolkata Knight Riders,bat,Kolkata Knight Riders,normal,CV Varun
1359522,2023,05-05-2023,Jaipur,"Sawai Mansingh Stadium, Jaipur",Rajasthan Royals,Gujarat Titans,Rajasthan Royals,bat,Gujarat Titans,normal,Rashid Khan
1359523,2023,06-05-2023,Chennai,"MA Chidambaram Stadium, Chepauk, Chennai",Mumbai Indians,Chennai Super Kings,Chennai Super Kings,field,Chennai Super Kings,normal,M Pathirana
1359524,2023,06-05-2023,Delhi,"Arun Jaitley Stadium, Delhi",Royal Challengers Bangalore,Delhi Capitals,Royal Challengers Bangalore,bat,Delhi Capitals,normal,PD Salt
1359525,2023,07-05-2023,Ahmedabad,"Narendra Modi Stadium, Ahmedabad",Gujarat Titans,Lucknow Super Giants,Lucknow Super Giants,field,Gujarat Titans,normal,Shubman Gill
1359526,2023,07-05-2023,Jaipur,"Sawai Mansingh Stadium, Jaipur",Rajasthan Royals,Sunrisers Hyderabad,Rajasthan Royals,bat,Sunrisers Hyderabad,normal,GD Phillips
1359527,2023,08-05-2023,Kolkata,"Eden Gardens, Kolkata",Punjab Kings,Kolkata Knight Riders,Punjab Kings,bat,Kolkata Knight Riders,normal,AD Russell
1359528,2023,09-05-2023,Mumbai,"Wankhede Stadium, Mumbai",Royal Challengers Bangalore,Mumbai Indians,Mumbai Indians,field,Mumbai Indians,normal,SA Yadav
1359529,2023,10-05-2023,Chennai,"MA Chidambaram Stadium, Chepauk, Chennai",Chennai Super Kings,Delhi Capitals,Chennai Super Kings,bat,Chennai Super Kings,normal,RA Jadeja
1359530,2023,11-05-2023,Kolkata,"Eden Gardens, Kolkata",Kolkata Knight Riders,Rajasthan Royals,Rajasthan Royals,field,Rajasthan Royals,normal,YBK Jaiswal
1359531,2023,12-05-2023,Mumbai,"Wankhede Stadium, Mumbai",Mumbai Indians,Gujarat Titans,Gujarat Titans,field,Mumbai Indians,normal,SA Yadav
1359532,2023,13-05-2023,Hyderabad,"Rajiv Gandhi International Stadium, Uppal, Hyderabad",Sunrisers Hyderabad,Lucknow Super Giants,Sunrisers Hyderabad,bat,Lucknow Super Giants,normal,PN Mankad
1359533,2023,13-05-2023,Delhi,"Arun Jaitley Stadium, Delhi",Punjab Kings,Delhi Capitals,Delhi Capitals,field,Punjab Kings,normal,P Simran Singh
1359534,2023,14-05-2023,Jaipur,"Sawai Mansingh Stadium, Jaipur",Royal Challengers Bangalore,Rajasthan Royals,Royal Challengers Bangalore,bat,Royal Challengers Bangalore,normal,WD Parnell
1359535,2023,14-05-2023,Chennai,"MA Chidambaram Stadium, Chepauk, Chennai",Chennai Super Kings,Kolkata Knight Riders,Chennai Super Kings,bat,Kolkata Knight Riders,normal,RK Singh
1359536,2023,15-05-2023,Ahmedabad,"Narendra Modi Stadium, Ahmedabad",Gujarat Titans,Sunrisers Hyderabad,Sunrisers Hyderabad,field,Gujarat Titans,normal,Shubman Gill
1359537,2023,16-05-2023,Lucknow,"Bharat Ratna Shri Atal Bihari Vajpayee Ekana Cricket Stadium, Lucknow",Lucknow Super Giants,Mumbai Indians,Mumbai Indians,field,Lucknow Super Giants,normal,MP Stoinis
1359538,2023,17-05-2023,Dharamsala,"Himachal Pradesh Cricket Association Stadium, Dharamsala",Delhi Capitals,Punjab Kings,Punjab Kings,field,Delhi Capitals,normal,RR Rossouw
1359539,2023,18-05-2023,Hyderabad,"Rajiv Gandhi International Stadium, Uppal, Hyderabad",Sunrisers Hyderabad,Royal Challengers Bangalore,Royal Challengers Bangalore,field,Royal Challengers Bangalore,normal,V Kohli
1359540,2023,19-05-2023,Dharamsala,"Himachal Pradesh Cricket Association Stadium, Dharamsala",Punjab Kings,Rajasthan Royals,Rajasthan Royals,field,Rajasthan Royals,normal,D Padikkal
1359541,2023,20-05-2023,Delhi,"Arun Jaitley Stadium, Delhi",Chennai Super Kings,Delhi Capitals,Chennai Super Kings,bat,Chennai Super Kings,normal,RD Gaikwad
1359542,2023,20-05-2023,Kolkata,"Eden Gardens, Kolkata",Lucknow Super Giants,Kolkata Knight Riders,Kolkata Knight Riders,field,Lucknow Super Giants,normal,N Pooran
1359543,2023,21-05-2023,Mumbai,"Wankhede Stadium, Mumbai",Sunrisers Hyderabad,Mumbai Indians,Mumbai Indians,field,Mumbai Indians,normal,C Green
1359544,2023,21-05-2023,Bengaluru,"M Chinnaswamy Stadium, Bengaluru",Royal Challengers Bangalore,Gujarat Titans,Gujarat Titans,field,Gujarat Titans,normal,Shubman Gill
1370350,2023,23-05-2023,Chennai,"MA Chidambaram Stadium, Chepauk, Chennai",Chennai Super Kings,Gujarat Titans,Gujarat Titans,field,Chennai Super Kings,normal,RD Gaikwad
1370351,2023,24-05-2023,Chennai,"MA Chidambaram Stadium, Chepauk, Chennai",Mumbai Indians,Lucknow Super Giants,Mumbai Indians,bat,Mumbai Indians,normal,Akash Madhwal
1370352,2023,26-05-2023,Ahmedabad,"Narendra Modi Stadium, Ahmedabad",Gujarat Titans,Mumbai Indians,Mumbai Indians,field,Gujarat Titans,normal,Shubman Gill
1370353,2023,29-05-2023,Ahmedabad,"Narendra Modi Stadium, Ahmedabad",Gujarat Titans,Chennai Super Kings,Chennai Super Kings,field,Chennai Super Kings,normal,DP Conway
1422119,2024,22-03-2024,Chennai,"MA Chidambaram Stadium, Chepauk, Chennai",Royal Challengers Bengaluru,Chennai Super Kings,Royal Challengers Bengaluru,bat,Chennai Super Kings,normal,Mustafizur Rahman
1422120,2024,23-03-2024,Mohali,"Maharaja Yadavindra Singh International Cricket Stadium, Mullanpur",Delhi Capitals,Punjab Kings,Punjab Kings,field,Punjab Kings,normal,SM Curran
1422121,2024,23-03-2024,Kolkata,"Eden Gardens, Kolkata",Kolkata Knight Riders,Sunrisers Hyderabad,Sunrisers Hyderabad,field,Kolkata Knight Riders,normal,AD Russell
1422122,2024,24-03-2024,Jaipur,"Sawai Mansingh Stadium, Jaipur",Rajasthan Royals,Lucknow Super Giants,Rajasthan Royals,bat,Rajasthan Royals,normal,SV Samson
1422123,2024,24-03-2024,Ahmedabad,"Narendra Modi Stadium, Ahmedabad",Gujarat Titans,Mumbai Indians,Mumbai Indians,field,Gujarat Titans,normal,B Sai Sudharsan
1422124,2024,25-03-2024,Bengaluru,"M Chinnaswamy Stadium, Bengaluru",Punjab Kings,Royal Challengers Bengaluru,Royal Challengers Bengaluru,field,Royal Challengers Bengaluru,normal,V Kohli
1422125,2024,26-03-2024,Chennai,"MA Chidambaram Stadium, Chepauk, Chennai",Chennai Super Kings,Gujarat Titans,Gujarat Titans,field,Chennai Super Kings,normal,S Dube
1422126,2024,27-03-2024,Hyderabad,"Rajiv Gandhi International Stadium, Uppal, Hyderabad",Sunrisers Hyderabad,Mumbai Indians,Mumbai Indians,field,Sunrisers Hyderabad,normal,Abhishek Sharma
1422127,2024,28-03-2024,Jaipur,"Sawai Mansingh Stadium, Jaipur",Rajasthan Royals,Delhi Capitals,Delhi Capitals,field,Rajasthan Royals,normal,R Parag
1422128,2024,29-03-2024,Bengaluru,"M Chinnaswamy Stadium, Bengaluru",Royal Challengers Bengaluru,Kolkata Knight Riders,Kolkata Knight Riders,field,Kolkata Knight Riders,normal,SP Narine
1422129,2024,30-03-2024,Lucknow,"Bharat Ratna Shri Atal Bihari Vajpayee Ekana Cricket Stadium, Lucknow",Lucknow Super Giants,Punjab Kings,Lucknow Super Giants,bat,Lucknow Super Giants,normal,MP Yadav
1422130,2024,31-03-2024,Ahmedabad,"Narendra Modi Stadium, Ahmedabad",Sunrisers Hyderabad,Gujarat Titans,Sunrisers Hyderabad,bat,Gujarat Titans,normal,MM Sharma
1422131,2024,31-03-2024,Visakhapatnam,"Dr. Y.S. Rajasekhara Reddy ACA-VDCA Cricket Stadium, Visakhapatnam",Delhi Capitals,Chennai Super Kings,Delhi Capitals,bat,Delhi Capitals,normal,KK Ahmed
1422132,2024,01-04-2024,Mumbai,"Wankhede Stadium, Mumbai",Mumbai Indians,Rajasthan Royals,Rajasthan Royals,field,Rajasthan Royals,normal,TA Boult
1422133,2024,02-04-2024,Bengaluru,"M Chinnaswamy Stadium, Bengaluru",Lucknow Super Giants,Royal Challengers Bengaluru,Royal Challengers Bengaluru,field,Lucknow Super Giants,normal,MP Yadav
1422134,2024,03-04-2024,Visakhapatnam,"Dr. Y.S. Rajasekhara Reddy ACA-VDCA Cricket Stadium, Visakhapatnam",Kolkata Knight Riders,Delhi Capitals,Kolkata Knight Riders,bat,Kolkata Knight Riders,normal,SP Narine
1422135,2024,04-04-2024,Ahmedabad,"Narendra Modi Stadium, Ahmedabad",Gujarat Titans,Punjab Kings,Punjab Kings,field,Punjab Kings,normal,Shashank Singh
1422136,2024,05-04-2024,Hyderabad,"Rajiv Gandhi International Stadium, Uppal, Hyderabad",Chennai Super Kings,Sunrisers Hyderabad,Sunrisers Hyderabad,field,Sunrisers Hyderabad,normal,Abhishek Sharma
1422137,2024,06-04-2024,Jaipur,"Sawai Mansingh Stadium, Jaipur",Royal Challengers Bengaluru,Rajasthan Royals,Rajasthan Royals,field,Rajasthan Royals,normal,JC Buttler
1422138,2024,07-04-2024,Mumbai,"Wankhede Stadium, Mumbai",Mumbai Indians,Delhi Capitals,Delhi Capitals,field,Mumbai Indians,normal,R Shepherd
1422139,2024,07-04-2024,Lucknow,"Bharat Ratna Shri Atal Bihari Vajpayee Ekana Cricket Stadium, Lucknow",Lucknow Super Giants,Gujarat Titans,Lucknow Super Giants,bat,Lucknow Super Giants,normal,Yash Thakur
1426260,2024,08-04-2024,Chennai,"MA Chidambaram Stadium, Chepauk, Chennai",Kolkata Knight Riders,Chennai Super Kings,Chennai Super Kings,field,Chennai Super Kings,normal,RA Jadeja
1426261,2024,09-04-2024,Mohali,"Maharaja Yadavindra Singh International Cricket Stadium, Mullanpur",Sunrisers Hyderabad,Punjab Kings,Punjab Kings,field,Sunrisers Hyderabad,normal,Nithish Kumar Reddy
1426262,2024,10-04-2024,Jaipur,"Sawai Mansingh Stadium, Jaipur",Rajasthan Royals,Gujarat Titans,Gujarat Titans,field,Gujarat Titans,normal,Rashid Khan
1426263,2024,11-04-2024,Mumbai,"Wankhede Stadium, Mumbai",Royal Challengers Bengaluru,Mumbai Indians,Mumbai Indians,field,Mumbai Indians,normal,JJ Bumrah
1426264,2024,12-04-2024,Lucknow,"Bharat Ratna Shri Atal Bihari Vajpayee Ekana Cricket Stadium, Lucknow",Lucknow Super Giants,Delhi Capitals,Lucknow Super Giants,bat,Delhi Capitals,normal,Kuldeep Yadav
1426265,2024,13-04-2024,Mohali,"Maharaja Yadavindra Singh International Cricket Stadium, Mullanpur",Punjab Kings,Rajasthan Royals,Rajasthan Royals,field,Rajasthan Royals,normal,SO Hetmyer
1426266,2024,14-04-2024,Kolkata,"Eden Gardens, Kolkata",Lucknow Super Giants,Kolkata Knight Riders,Kolkata Knight Riders,field,Kolkata Knight Riders,normal,PD Salt
1426267,2024,14-04-2024,Mumbai,"Wankhede Stadium, Mumbai",Chennai Super Kings,Mumbai Indians,Mumbai Indians,field,Chennai Super Kings,normal,M Pathirana
1426268,2024,15-04-2024,Bengaluru,"M Chinnaswamy Stadium, Bengaluru",Sunrisers Hyderabad,Royal Challengers Bengaluru,Royal Challengers Bengaluru,field,Sunrisers Hyderabad,normal,TM Head
1426269,2024,16-04-2024,Kolkata,"Eden Gardens, Kolkata",Kolkata Knight Riders,Rajasthan Royals,Rajasthan Royals,field,Rajasthan Royals,normal,JC Buttler
1426270,2024,17-04-2024,Ahmedabad,"Narendra Modi Stadium, Ahmedabad",Gujarat Titans,Delhi Capitals,Delhi Capitals,field,Delhi Capitals,normal,RR Pant
1426271,2024,18-04-2024,Mohali,"Maharaja Yadavindra Singh International Cricket Stadium, Mullanpur",Mumbai Indians,Punjab Kings,Punjab Kings,field,Mumbai Indians,normal,JJ Bumrah
1426272,2024,19-04-2024,Lucknow,"Bharat Ratna Shri Atal Bihari Vajpayee Ekana Cricket Stadium, Lucknow",Chennai Super Kings,Lucknow Super Giants,Lucknow Super Giants,field,Lucknow Super Giants,normal,KL Rahul
1426273,2024,20-04-2024,Delhi,"Arun Jaitley Stadium, Delhi",Sunrisers Hyderabad,Delhi Capitals,Delhi Capitals,field,Sunrisers Hyderabad,normal,TM Head
1426274,2024,21-04-2024,Kolkata,"Eden Gardens, Kolkata",Kolkata Knight Riders,Royal Challengers Bengaluru,Royal Challengers Bengaluru,field,Kolkata Knight Riders,normal,AD Russell
1426275,2024,21-04-2024,Mohali,"Maharaja Yadavindra Singh International Cricket Stadium, Mullanpur",Punjab Kings,Gujarat Titans,Punjab Kings,bat,Gujarat Titans,normal,R Sai Kishore
1426276,2024,22-04-2024,Jaipur,"Sawai Mansingh Stadium, Jaipur",Mumbai Indians,Rajasthan Royals,Mumbai Indians,bat,Rajasthan Royals,normal,Sandeep Sharma
1426277,2024,23-04-2024,Chennai,"MA Chidambaram Stadium, Chepauk, Chennai",Chennai Super Kings,Lucknow Super Giants,Lucknow Super Giants,field,Lucknow Super Giants,normal,MP Stoinis
1426278,2024,24-04-2024,Delhi,"Arun Jaitley Stadium, Delhi",Delhi Capitals,Gujarat Titans,Gujarat Titans,field,Delhi Capitals,normal,RR Pant
1426279,2024,25-04-2024,Hyderabad,"Rajiv Gandhi International Stadium, Uppal, Hyderabad",Royal Challengers Bengaluru,Sunrisers Hyderabad,Royal Challengers Bengaluru,bat,Royal Challengers Bengaluru,normal,RM Patidar
1426280,2024,26-04-2024,Kolkata,"Eden Gardens, Kolkata",Kolkata Knight Riders,Punjab Kings,Punjab Kings,field,Punjab Kings,normal,JM Bairstow
1426281,2024,27-04-2024,Delhi,"Arun Jaitley Stadium, Delhi",Delhi Capitals,Mumbai Indians,Mumbai Indians,field,Delhi Capitals,normal,J Fraser-McGurk
1426282,2024,27-04-2024,Lucknow,"Bharat Ratna Shri Atal Bihari Vajpayee Ekana Cricket Stadium, Lucknow",Lucknow Super Giants,Rajasthan Royals,Rajasthan Royals,field,Rajasthan Royals,normal,SV Samson
1426283,2024,28-04-2024,Ahmedabad,"Narendra Modi Stadium, Ahmedabad",Gujarat Titans,Royal Challengers Bengaluru,Royal Challengers Bengaluru,field,Royal Challengers Bengaluru,normal,WG Jacks
1426284,2024,28-04-2024,Chennai,"MA Chidambaram Stadium, Chepauk, Chennai",Chennai Super Kings,Sunrisers Hyderabad,Sunrisers Hyderabad,field,Chennai Super Kings,normal,RD Gaikwad
1426285,2024,29-04-2024,Kolkata,"Eden Gardens, Kolkata",Delhi Capitals,Kolkata Knight Riders,Delhi Capitals,bat,Kolkata Knight Riders,normal,CV Varun
1426286,2024,30-04-2024,Lucknow,"Bharat Ratna Shri Atal Bihari Vajpayee Ekana Cricket Stadium, Lucknow",Mumbai Indians,Lucknow Super Giants,Lucknow Super Giants,field,Lucknow Super Giants,normal,MP Stoinis
1426287,2024,01-05-2024,Chennai,"MA Chidambaram Stadium, Chepauk, Chennai",Chennai Super Kings,Punjab Kings,Punjab Kings,field,Punjab Kings,normal,Harpreet Brar
1426288,2024,02-05-2024,Hyderabad,"Rajiv Gandhi International Stadium, Uppal, Hyderabad",Sunrisers Hyderabad,Rajasthan Royals,Sunrisers Hyderabad,bat,Sunrisers Hyderabad,normal,B Kumar
1426289,2024,03-05-2024,Mumbai,"Wankhede Stadium, Mumbai",Kolkata Knight Riders,Mumbai Indians,Mumbai Indians,field,Kolkata Knight Riders,normal,VR Iyer
1426290,2024,04-05-2024,Bengaluru,"M Chinnaswamy Stadium, Bengaluru",Gujarat Titans,Royal Challengers Bengaluru,Royal Challengers Bengaluru,field,Royal Challengers Bengaluru,normal,Mohammed Siraj
1426291,2024,05-05-2024,Dharamsala,"Himachal Pradesh Cricket Association Stadium, Dharamsala",Chennai Super Kings,Punjab Kings,Punjab Kings,field,Chennai Super Kings,normal,RA Jadeja
1426292,2024,05-05-2024,Lucknow,"Bharat Ratna Shri Atal Bihari Vajpayee Ekana Cricket Stadium, Lucknow",Kolkata Knight Riders,Lucknow Super Giants,Lucknow Super Giants,field,Kolkata Knight Riders,normal,SP Narine
1426293,2024,06-05-2024,Mumbai,"Wankhede Stadium, Mumbai",Sunrisers Hyderabad,Mumbai Indians,Mumbai Indians,field,Mumbai Indians,normal,SA Yadav
1426294,2024,07-05-2024,Delhi,"Arun Jaitley Stadium, Delhi",Delhi Capitals,Rajasthan Royals,Rajasthan Royals,field,Delhi Capitals,normal,Kuldeep Yadav
1426295,2024,08-05-2024,Hyderabad,"Rajiv Gandhi International Stadium, Uppal, Hyderabad",Lucknow Super Giants,Sunrisers Hyderabad,Lucknow Super Giants,bat,Sunrisers Hyderabad,normal,TM Head
1426296,2024,09-05-2024,Dharamsala,"Himachal Pradesh Cricket Association Stadium, Dharamsala",Royal Challengers Bengaluru,Punjab Kings,Punjab Kings,field,Royal Challengers Bengaluru,normal,V Kohli
1426297,2024,10-05-2024,Ahmedabad,"Narendra Modi Stadium, Ahmedabad",Gujarat Titans,Chennai Super Kings,Chennai Super Kings,field,Gujarat Titans,normal,Shubman Gill
1426298,2024,11-05-2024,Kolkata,"Eden Gardens, Kolkata",Kolkata Knight Riders,Mumbai Indians,Mumbai Indians,field,Kolkata Knight Riders,normal,CV Varun
1426299,2024,12-05-2024,Chennai,"MA Chidambaram Stadium, Chepauk, Chennai",Rajasthan Royals,Chennai Super Kings,Rajasthan Royals,bat,Chennai Super Kings,normal,Simarjeet Singh
1426300,2024,12-05-2024,Bengaluru,"M Chinnaswamy Stadium, Bengaluru",Royal Challengers Bengaluru,Delhi Capitals,Delhi Capitals,field,Royal Challengers Bengaluru,normal,C Green
1426302,2024,14-05-2024,Delhi,"Arun Jaitley Stadium, Delhi",Delhi Capitals,Lucknow Super Giants,Lucknow Super Giants,field,Delhi Capitals,normal,I Sharma
1426303,2024,15-05-2024,Guwahati,"Barsapara Cricket Stadium, Guwahati",Rajasthan Royals,Punjab Kings,Rajasthan Royals,bat,Punjab Kings,normal,SM Curran
1426305,2024,17-05-2024,Mumbai,"Wankhede Stadium, Mumbai",Lucknow Super Giants,Mumbai Indians,Mumbai Indians,field,Lucknow Super Giants,normal,N Pooran
1426306,2024,18-05-2024,Bengaluru,"M Chinnaswamy Stadium, Bengaluru",Royal Challengers Bengaluru,Chennai Super Kings,Chennai Super Kings,field,Royal Challengers Bengaluru,normal,F du Plessis
1426307,2024,19-05-2024,Hyderabad,"Rajiv Gandhi International Stadium, Uppal, Hyderabad",Punjab Kings,Sunrisers Hyderabad,Punjab Kings,bat,Sunrisers Hyderabad,normal,Abhishek Sharma
1426309,2024,21-05-2024,Ahmedabad,"Narendra Modi Stadium, Ahmedabad",Sunrisers Hyderabad,Kolkata Knight Riders,Sunrisers Hyderabad,bat,Kolkata Knight Riders,normal,MA Starc
1426310,2024,22-05-2024,Ahmedabad,"Narendra Modi Stadium, Ahmedabad",Royal Challengers Bengaluru,Rajasthan Royals,Rajasthan Royals,field,Rajasthan Royals,normal,R Ashwin
1426311,2024,24-05-2024,Chennai,"MA Chidambaram Stadium, Chepauk, Chennai",Sunrisers Hyderabad,Rajasthan Royals,Rajasthan Royals,field,Sunrisers Hyderabad,normal,Shahbaz Ahmed
1426312,2024,26-05-2024,Chennai,"MA Chidambaram Stadium, Chepauk, Chennai",Sunrisers Hyderabad,Kolkata Knight Riders,Sunrisers Hyderabad,bat,Kolkata Knight Riders,normal,MA Starc
1473438,2025,22-03-2025,Kolkata,"Eden Gardens, Kolkata",Kolkata Knight Riders,Royal Challengers Bengaluru,Royal Challengers Bengaluru,field,Royal Challengers Bengaluru,normal,KH Pandya
1473439,2025,23-03-2025,Hyderabad,"Rajiv Gandhi International Stadium, Uppal, Hyderabad",Sunrisers Hyderabad,Rajasthan Royals,Rajasthan Royals,field,Sunrisers Hyderabad,normal,Ishan Kishan
1473440,2025,23-03-2025,Chennai,"MA Chidambaram Stadium, Chepauk, Chennai",Mumbai Indians,Chennai Super Kings,Chennai Super Kings,field,Chennai Super Kings,normal,Noor Ahmad
1473441,2025,24-03-2025,Visakhapatnam,"Dr. Y.S. Rajasekhara Reddy ACA-VDCA Cricket Stadium, Visakhapatnam",Lucknow Super Giants,Delhi Capitals,Delhi Capitals,field,Delhi Capitals,normal,Ashutosh Sharma
1473442,2025,25-03-2025,Ahmedabad,"Narendra Modi Stadium, Ahmedabad",Punjab Kings,Gujarat Titans,Gujarat Titans,field,Punjab Kings,normal,SS Iyer
1473443,2025,26-03-2025,Guwahati,"Barsapara Cricket Stadium, Guwahati",Rajasthan Royals,Kolkata Knight Riders,Kolkata Knight Riders,field,Kolkata Knight Riders,normal,Q de Kock
1473444,2025,27-03-2025,Hyderabad,"Rajiv Gandhi International Stadium, Uppal, Hyderabad",Sunrisers Hyderabad,Lucknow Super Giants,Lucknow Super Giants,field,Lucknow Super Giants,normal,SN Thakur
1473445,2025,28-03-2025,Chennai,"MA Chidambaram Stadium, Chepauk, Chennai",Royal Challengers Bengaluru,Chennai Super Kings,Chennai Super Kings,field,Royal Challengers Bengaluru,normal,RM Patidar
1473446,2025,29-03-2025,Ahmedabad,"Narendra Modi Stadium, Ahmedabad",Gujarat Titans,Mumbai Indians,Mumbai Indians,field,Gujarat Titans,normal,M Prasidh Krishna
1473447,2025,30-03-2025,Visakhapatnam,"Dr. Y.S. Rajasekhara Reddy ACA-VDCA Cricket Stadium, Visakhapatnam",Sunrisers Hyderabad,Delhi Capitals,Sunrisers Hyderabad,bat,Delhi Capitals,normal,MA Starc
1473448,2025,30-03-2025,Guwahati,"Barsapara Cricket Stadium, Guwahati",Rajasthan Royals,Chennai Super Kings,Chennai Super Kings,field,Rajasthan Royals,normal,N Rana
1473449,2025,31-03-2025,Mumbai,"Wankhede Stadium, Mumbai",Kolkata Knight Riders,Mumbai Indians,Mumbai Indians,field,Mumbai Indians,normal,Ashwani Kumar
1473450,2025,01-04-2025,Lucknow,"Bharat Ratna Shri Atal Bihari Vajpayee Ekana Cricket Stadium, Lucknow",Lucknow Super Giants,Punjab Kings,Punjab Kings,field,Punjab Kings,normal,P Simran Singh
1473451,2025,02-04-2025,Bengaluru,"M Chinnaswamy Stadium, Bengaluru",Royal Challengers Bengaluru,Gujarat Titans,Gujarat Titans,field,Gujarat Titans,normal,Mohammed Siraj
1473452,2025,03-04-2025,Kolkata,"Eden Gardens, Kolkata",Kolkata Knight Riders,Sunrisers Hyderabad,Sunrisers Hyderabad,field,Kolkata Knight Riders,normal,VG Arora
1473453,2025,04-04-2025,Lucknow,"Bharat Ratna Shri Atal Bihari Vajpayee Ekana Cricket Stadium, Lucknow",Lucknow Super Giants,Mumbai Indians,Mumbai Indians,field,Lucknow Super Giants,normal,DS Rathi
1473454,2025,05-04-2025,Chennai,"MA Chidambaram Stadium, Chepauk, Chennai",Delhi Capitals,Chennai Super Kings,Delhi Capitals,bat,Delhi Capitals,normal,KL Rahul
1473455,2025,05-04-2025,Mohali,"Maharaja Yadavindra Singh International Cricket Stadium, Mullanpur",Rajasthan Royals,Punjab Kings,Punjab Kings,field,Rajasthan Royals,normal,JC Archer
1473456,2025,08-04-2025,Kolkata,"Eden Gardens, Kolkata",Lucknow Super Giants,Kolkata Knight Riders,Kolkata Knight Riders,field,Lucknow Super Giants,normal,N Pooran
1473457,2025,06-04-2025,Hyderabad,"Rajiv Gandhi International Stadium, Uppal, Hyderabad",Sunrisers Hyderabad,Gujarat Titans,Gujarat Titans,field,Gujarat Titans,normal,Mohammed Siraj
1473458,2025,07-04-2025,Mumbai,"Wankhede Stadium, Mumbai",Royal Challengers Bengaluru,Mumbai Indians,Mumbai Indians,field,Royal Challengers Bengaluru,normal,RM Patidar
1473459,2025,08-04-2025,Mohali,"Maharaja Yadavindra Singh International Cricket Stadium, Mullanpur",Punjab Kings,Chennai Super Kings,Punjab Kings,bat,Punjab Kings,normal,Priyansh Arya
1473460,2025,09-04-2025,Ahmedabad,"Narendra Modi Stadium, Ahmedabad",Gujarat Titans,Rajasthan Royals,Rajasthan Royals,field,Gujarat Titans,normal,B Sai Sudharsan
1473461,2025,10-04-2025,Bengaluru,"M Chinnaswamy Stadium, Bengaluru",Royal Challengers Bengaluru,Delhi Capitals,Delhi Capitals,field,Delhi Capitals,normal,KL Rahul
1473462,2025,11-04-2025,Chennai,"MA Chidambaram Stadium, Chepauk, Chennai",Chennai Super Kings,Kolkata Knight Riders,Kolkata Knight Riders,field,Kolkata Knight Riders,normal,SP Narine
1473463,2025,12-04-2025,Lucknow,"Bharat Ratna Shri Atal Bihari Vajpayee Ekana Cricket Stadium, Lucknow",Gujarat Titans,Lucknow Super Giants,Lucknow Super Giants,field,Lucknow Super Giants,normal,AK Markram
1473464,2025,12-04-2025,Hyderabad,"Rajiv Gandhi International Stadium, Uppal, Hyderabad",Punjab Kings,Sunrisers Hyderabad,Punjab Kings,bat,Sunrisers Hyderabad,normal,Abhishek Sharma
1473465,2025,13-04-2025,Jaipur,"Sawai Mansingh Stadium, Jaipur",Rajasthan Royals,Royal Challengers Bengaluru,Royal Challengers Bengaluru,field,Royal Challengers Bengaluru,normal,PD Salt
1473466,2025,13-04-2025,Delhi,"Arun Jaitley Stadium, Delhi",Mumbai Indians,Delhi Capitals,Delhi Capitals,field,Mumbai Indians,normal,KV Sharma
1473467,2025,14-04-2025,Lucknow,"Bharat Ratna Shri Atal Bihari Vajpayee Ekana Cricket Stadium, Lucknow",Lucknow Super Giants,Chennai Super Kings,Chennai Super Kings,field,Chennai Super Kings,normal,MS Dhoni
1473468,2025,15-04-2025,Mohali,"Maharaja Yadavindra Singh International Cricket Stadium, Mullanpur",Punjab Kings,Kolkata Knight Riders,Punjab Kings,bat,Punjab Kings,normal,YS Chahal
1473469,2025,16-04-2025,Delhi,"Arun Jaitley Stadium, Delhi",Delhi Capitals,Rajasthan Royals,Rajasthan Royals,field,,tie,MA Starc
1473470,2025,17-04-2025,Mumbai,"Wankhede Stadium, Mumbai",Sunrisers Hyderabad,Mumbai Indians,Mumbai Indians,field,Mumbai Indians,normal,WG Jacks
1473471,2025,18-04-2025,Bengaluru,"M Chinnaswamy Stadium, Bengaluru",Royal Challengers Bengaluru,Punjab Kings,Punjab Kings,field,Punjab Kings,normal,TH David
1473472,2025,19-04-2025,Ahmedabad,"Narendra Modi Stadium, Ahmedabad",Delhi Capitals,Gujarat Titans,Gujarat Titans,field,Gujarat Titans,normal,JC Buttler
1473473,2025,19-04-2025,Jaipur,"Sawai Mansingh Stadium, Jaipur",Lucknow Super Giants,Rajasthan Royals,Lucknow Super Giants,bat,Lucknow Super Giants,normal,Avesh Khan
1473474,2025,20-04-2025,Mohali,"Maharaja Yadavindra Singh International Cricket Stadium, Mullanpur",Punjab Kings,Royal Challengers Bengaluru,Royal Challengers Bengaluru,field,Royal Challengers Bengaluru,normal,V Kohli
1473475,2025,20-04-2025,Mumbai,"Wankhede Stadium, Mumbai",Chennai Super Kings,Mumbai Indians,Mumbai Indians,field,Mumbai Indians,normal,RG Sharma
1473476,2025,21-04-2025,Kolkata,"Eden Gardens, Kolkata",Gujarat Titans,Kolkata Knight Riders,Kolkata Knight Riders,field,Gujarat Titans,normal,Shubman Gill
1473477,2025,22-04-2025,Lucknow,"Bharat Ratna Shri Atal Bihari Vajpayee Ekana Cricket Stadium, Lucknow",Lucknow Super Giants,Delhi Capitals,Delhi Capitals,field,Delhi Capitals,normal,Mukesh Kumar
1473478,2025,23-04-2025,Hyderabad,"Rajiv Gandhi International Stadium, Uppal, Hyderabad",Sunrisers Hyderabad,Mumbai Indians,Mumbai Indians,field,Mumbai Indians,normal,TA Boult
1473479,2025,24-04-2025,Bengaluru,"M Chinnaswamy Stadium, Bengaluru",Royal Challengers Bengaluru,Rajasthan Royals,Rajasthan Royals,field,Royal Challengers Bengaluru,normal,JR Hazlewood
1473480,2025,25-04-2025,Chennai,"MA Chidambaram Stadium, Chepauk, Chennai",Chennai Super Kings,Sunrisers Hyderabad,Sunrisers Hyderabad,field,Sunrisers Hyderabad,normal,HV Patel
1473481,2025,26-04-2025,Kolkata,"Eden Gardens, Kolkata",Punjab Kings,Kolkata Knight Riders,Punjab Kings,bat,,no result,
1473482,2025,27-04-2025,Mumbai,"Wankhede Stadium, Mumbai",Mumbai Indians,Lucknow Super Giants,Lucknow Super Giants,field,Mumbai Indians,normal,WG Jacks
1473483,2025,27-04-2025,Delhi,"Arun Jaitley Stadium, Delhi",Delhi Capitals,Royal Challengers Bengaluru,Royal Challengers Bengaluru,field,Royal Challengers Bengaluru,normal,KH Pandya
1473484,2025,28-04-2025,Jaipur,"Sawai Mansingh Stadium, Jaipur",Gujarat Titans,Rajasthan Royals,Rajasthan Royals,field,Rajasthan Royals,normal,V Suryavanshi
1473485,2025,29-04-2025,Delhi,"Arun Jaitley Stadium, Delhi",Kolkata Knight Riders,Delhi Capitals,Delhi Capitals,field,Kolkata Knight Riders,normal,SP Narine
1473486,2025,30-04-2025,Chennai,"MA Chidambaram Stadium, Chepauk, Chennai",Chennai Super Kings,Punjab Kings,Punjab Kings,field,Punjab Kings,normal,SS Iyer
1473487,2025,01-05-2025,Jaipur,"Sawai Mansingh Stadium, Jaipur",Mumbai Indians,Rajasthan Royals,Rajasthan Royals,field,Mumbai Indians,normal,RD Rickelton
1473488,2025,02-05-2025,Ahmedabad,"Narendra Modi Stadium, Ahmedabad",Gujarat Titans,Sunrisers Hyderabad,Sunrisers Hyderabad,field,Gujarat Titans,normal,M Prasidh Krishna
1473489,2025,03-05-2025,Bengaluru,"M Chinnaswamy Stadium, Bengaluru",Royal Challengers Bengaluru,Chennai Super Kings,Chennai Super Kings,field,Royal Challengers Bengaluru,normal,R Shepherd
1473490,2025,04-05-2025,Kolkata,"Eden Gardens, Kolkata",Kolkata Knight Riders,Rajasthan Royals,Kolkata Knight Riders,bat,Kolkata Knight Riders,normal,AD Russell
1473491,2025,04-05-2025,Dharamsala,"Himachal Pradesh Cricket Association Stadium, Dharamsala",Punjab Kings,Lucknow Super Giants,Lucknow Super Giants,field,Punjab Kings,normal,P Simran Singh
1473492,2025,05-05-2025,Hyderabad,"Rajiv Gandhi International Stadium, Uppal, Hyderabad",Delhi Capitals,Sunrisers Hyderabad,Sunrisers Hyderabad,field,,no result,
1473493,2025,06-05-2025,Mumbai,"Wankhede Stadium, Mumbai",Mumbai Indians,Gujarat Titans,Gujarat Titans,field,Gujarat Titans,normal,Shubman Gill
1473494,2025,07-05-2025,Kolkata,"Eden Gardens, Kolkata",Kolkata Knight Riders,Chennai Super Kings,Kolkata Knight Riders,bat,Chennai Super Kings,normal,Noor Ahmad
1473495,2025,08-05-2025,Dharamsala,"Himachal Pradesh Cricket Association Stadium, Dharamsala",Punjab Kings,Delhi Capitals,Punjab Kings,bat,,no result,
1473497,2025,18-05-2025,Jaipur,"Sawai Mansingh Stadium, Jaipur",Punjab Kings,Rajasthan Royals,Punjab Kings,bat,Punjab Kings,normal,Harpreet Brar
1473498,2025,18-05-2025,Delhi,"Arun Jaitley Stadium, Delhi",Delhi Capitals,Gujarat Titans,Gujarat Titans,field,Gujarat Titans,normal,B Sai Sudharsan
1473499,2025,19-05-2025,Lucknow,"Bharat Ratna Shri Atal Bihari Vajpayee Ekana Cricket Stadium, Lucknow",Lucknow Super Giants,Sunrisers Hyderabad,Sunrisers Hyderabad,field,Sunrisers Hyderabad,normal,Abhishek Sharma
1473500,2025,20-05-2025,Delhi,"Arun Jaitley Stadium, Delhi",Chennai Super Kings,Rajasthan Royals,Rajasthan Royals,field,Rajasthan Royals,normal,Akash Madhwal
1473501,2025,21-05-2025,Mumbai,"Wankhede Stadium, Mumbai",Mumbai Indians,Delhi Capitals,Delhi Capitals,field,Mumbai Indians,normal,SA Yadav
1473502,2025,22-05-2025,Ahmedabad,"Narendra Modi Stadium, Ahmedabad",Lucknow Super Giants,Gujarat Titans,Gujarat Titans,field,Lucknow Super Giants,normal,MR Marsh
1473503,2025,23-05-2025,Lucknow,"Bharat Ratna Shri Atal Bihari Vajpayee Ekana Cricket Stadium, Lucknow",Sunrisers Hyderabad,Royal Challengers Bengaluru,Royal Challengers Bengaluru,field,Sunrisers Hyderabad,normal,Ishan Kishan
1473504,2025,25-05-2025,Ahmedabad,"Narendra Modi Stadium, Ahmedabad",Chennai Super Kings,Gujarat Titans,Chennai Super Kings,bat,Chennai Super Kings,normal,D Brevis
1473505,2025,25-05-2025,Delhi,"Arun Jaitley Stadium, Delhi",Sunrisers Hyderabad,Kolkata Knight Riders,Sunrisers Hyderabad,bat,Sunrisers Hyderabad,normal,H Klaasen
1473506,2025,26-05-2025,Jaipur,"Sawai Mansingh Stadium, Jaipur",Mumbai Indians,Punjab Kings,Punjab Kings,field,Punjab Kings,normal,JP Inglis
1473507,2025,27-05-2025,Lucknow,"Bharat Ratna Shri Atal Bihari Vajpayee Ekana Cricket Stadium, Lucknow",Lucknow Super Giants,Royal Challengers Bengaluru,Royal Challengers Bengaluru,field,Royal Challengers Bengaluru,normal,JM Sharma
1473508,2025,29-05-2025,New Chandigarh,"Maharaja Yadavindra Singh International Cricket Stadium, Mullanpur",Punjab Kings,Royal Challengers Bengaluru,Royal Challengers Bengaluru,field,Royal Challengers Bengaluru,normal,Suyash Sharma
1473509,2025,30-05-2025,New Chandigarh,"Maharaja Yadavindra Singh International Cricket Stadium, New Chandigarh",Mumbai Indians,Gujarat Titans,Mumbai Indians,bat,Mumbai Indians,normal,RG Sharma
1473510,2025,01-06-2025,Ahmedabad,"Narendra Modi Stadium, Ahmedabad",Mumbai Indians,Punjab Kings,Punjab Kings,field,Punjab Kings,normal,SS Iyer
1473511,2025,03-06-2025,Ahmedabad,"Narendra Modi Stadium, Ahmedabad",Royal Challengers Bengaluru,Punjab Kings,Punjab Kings,field,Royal Challengers Bengaluru,normal,KH Pandya
1485779,2025,24-05-2025,Jaipur,"Sawai Mansingh Stadium, Jaipur",Punjab Kings,Delhi Capitals,Delhi Capitals,field,Delhi Capitals,normal,Sameer Rizvi
1527674,2026,28-03-2026,Bengaluru,"M Chinnaswamy Stadium, Bengaluru",Sunrisers Hyderabad,Royal Challengers Bengaluru,Royal Challengers Bengaluru,field,Royal Challengers Bengaluru,normal,JA Duffy
1527675,2026,29-03-2026,Mumbai,"Wankhede Stadium, Mumbai",Kolkata Knight Riders,Mumbai Indians,Mumbai Indians,field,Mumbai Indians,normal,SN Thakur
1527676,2026,30-03-2026,Guwahati,"Barsapara Cricket Stadium, Guwahati",Chennai Super Kings,Rajasthan Royals,Rajasthan Royals,field,Rajasthan Royals,normal,N Burger
1527677,2026,31-03-2026,New Chandigarh,"Maharaja Yadavindra Singh International Cricket Stadium, New Chandigarh",Gujarat Titans,Punjab Kings,Punjab Kings,field,Punjab Kings,normal,C Connolly
1527678,2026,01-04-2026,Lucknow,"Bharat Ratna Shri Atal Bihari Vajpayee Ekana Cricket Stadium, Lucknow",Lucknow Super Giants,Delhi Capitals,Delhi Capitals,field,Delhi Capitals,normal,Sameer Rizvi
1527679,2026,02-04-2026,Kolkata,"Eden Gardens, Kolkata",Sunrisers Hyderabad,Kolkata Knight Riders,Kolkata Knight Riders,field,Sunrisers Hyderabad,normal,Nithish Kumar Reddy
1527680,2026,03-04-2026,Chennai,"MA Chidambaram Stadium, Chepauk, Chennai",Chennai Super Kings,Punjab Kings,Punjab Kings,field,Punjab Kings,normal,Priyansh Arya
1527681,2026,04-04-2026,Delhi,"Arun Jaitley Stadium, Delhi",Mumbai Indians,Delhi Capitals,Delhi Capitals,field,Delhi Capitals,normal,Sameer Rizvi
1527682,2026,04-04-2026,Ahmedabad,"Narendra Modi Stadium, Ahmedabad",Rajasthan Royals,Gujarat Titans,Rajasthan Royals,bat,Rajasthan Royals,normal,Ravi Bishnoi
1527683,2026,05-04-2026,Hyderabad,"Rajiv Gandhi International Stadium, Uppal, Hyderabad",Sunrisers Hyderabad,Lucknow Super Giants,Lucknow Super Giants,field,Lucknow Super Giants,normal,Mohammed Shami
1527684,2026,05-04-2026,Bengaluru,"M Chinnaswamy Stadium, Bengaluru",Royal Challengers Bengaluru,Chennai Super Kings,Chennai Super Kings,field,Royal Challengers Bengaluru,normal,TH David
1527685,2026,06-04-2026,Kolkata,"Eden Gardens, Kolkata",Kolkata Knight Riders,Punjab Kings,Kolkata Knight Riders,bat,,no result,
1527686,2026,07-04-2026,Guwahati,"Barsapara Cricket Stadium, Guwahati",Rajasthan Royals,Mumbai Indians,Mumbai Indians,field,Rajasthan Royals,normal,YBK Jaiswal
1527687,2026,08-04-2026,Delhi,"Arun Jaitley Stadium, Delhi",Gujarat Titans,Delhi Capitals,Delhi Capitals,field,Gujarat Titans,normal,Rashid Khan
1527688,2026,09-04-2026,Kolkata,"Eden Gardens, Kolkata",Kolkata Knight Riders,Lucknow Super Giants,Lucknow Super Giants,field,Lucknow Super Giants,normal,MD Choudhary
1527689,2026,10-04-2026,Guwahati,"Barsapara Cricket Stadium, Guwahati",Royal Challengers Bengaluru,Rajasthan Royals,Rajasthan Royals,field,Rajasthan Royals,normal,V Suryavanshi
1527690,2026,11-04-2026,New Chandigarh,"Maharaja Yadavindra Singh International Cricket Stadium, New Chandigarh",Sunrisers Hyderabad,Punjab Kings,Punjab Kings,field,Punjab Kings,normal,SS Iyer
1527691,2026,11-04-2026,Chennai,"MA Chidambaram Stadium, Chepauk, Chennai",Chennai Super Kings,Delhi Capitals,Delhi Capitals,field,Chennai Super Kings,normal,SV Samson
1527692,2026,12-04-2026,Lucknow,"Bharat Ratna Shri Atal Bihari Vajpayee Ekana Cricket Stadium, Lucknow",Lucknow Super Giants,Gujarat Titans,Gujarat Titans,field,Gujarat Titans,normal,M Prasidh Krishna
1527693,2026,12-04-2026,Mumbai,"Wankhede Stadium, Mumbai",Royal Challengers Bengaluru,Mumbai Indians,Mumbai Indians,field,Royal Challengers Bengaluru,normal,PD Salt
1529264,2026,13-04-2026,Hyderabad,"Rajiv Gandhi International Stadium, Uppal, Hyderabad",Sunrisers Hyderabad,Rajasthan Royals,Rajasthan Royals,field,Sunrisers Hyderabad,normal,PP Hinge
1529265,2026,14-04-2026,Chennai,"MA Chidambaram Stadium, Chepauk, Chennai",Chennai Super Kings,Kolkata Knight Riders,Kolkata Knight Riders,field,Chennai Super Kings,normal,Noor Ahmad
1529266,2026,15-04-2026,Bengaluru,"M Chinnaswamy Stadium, Bengaluru",Lucknow Super Giants,Royal Challengers Bengaluru,Royal Challengers Bengaluru,field,Royal Challengers Bengaluru,normal,JR Hazlewood
1529267,2026,16-04-2026,Mumbai,"Wankhede Stadium, Mumbai",Mumbai Indians,Punjab Kings,Punjab Kings,field,Punjab Kings,normal,Arshdeep Singh
1529268,2026,17-04-2026,Ahmedabad,"Narendra Modi Stadium, Ahmedabad",Kolkata Knight Riders,Gujarat Titans,Kolkata Knight Riders,bat,Gujarat Titans,normal,Shubman Gill
1529269,2026,18-04-2026,Bengaluru,"M Chinnaswamy Stadium, Bengaluru",Royal Challengers Bengaluru,Delhi Capitals,Delhi Capitals,field,Delhi Capitals,normal,T Stubbs
1529270,2026,18-04-2026,Hyderabad,"Rajiv Gandhi International Stadium, Uppal, Hyderabad",Sunrisers Hyderabad,Chennai Super Kings,Chennai Super Kings,field,Sunrisers Hyderabad,normal,E Malinga
1529271,2026,19-04-2026,Kolkata,"Eden Gardens, Kolkata",Rajasthan Royals,Kolkata Knight Riders,Rajasthan Royals,bat,Kolkata Knight Riders,normal,CV Varun
1529272,2026,19-04-2026,New Chandigarh,"Maharaja Yadavindra Singh International Cricket Stadium, New Chandigarh",Punjab Kings,Lucknow Super Giants,Lucknow Super Giants,field,Punjab Kings,normal,Priyansh Arya
1529273,2026,20-04-2026,Ahmedabad,"Narendra Modi Stadium, Ahmedabad",Mumbai Indians,Gujarat Titans,Gujarat Titans,field,Mumbai Indians,normal,Tilak Varma
1529274,2026,21-04-2026,Hyderabad,"Rajiv Gandhi International Stadium, Uppal, Hyderabad",Sunrisers Hyderabad,Delhi Capitals,Delhi Capitals,field,Sunrisers Hyderabad,normal,Abhishek Sharma
1529275,2026,22-04-2026,Lucknow,"Bharat Ratna Shri Atal Bihari Vajpayee Ekana Cricket Stadium, Lucknow",Rajasthan Royals,Lucknow Super Giants,Lucknow Super Giants,field,Rajasthan Royals,normal,RA Jadeja
1529276,2026,23-04-2026,Mumbai,"Wankhede Stadium, Mumbai",Chennai Super Kings,Mumbai Indians,Mumbai Indians,field,Chennai Super Kings,normal,SV Samson
1529277,2026,24-04-2026,Bengaluru,"M Chinnaswamy Stadium, Bengaluru",Gujarat Titans,Royal Challengers Bengaluru,Royal Challengers Bengaluru,field,Royal Challengers Bengaluru,normal,V Kohli
1529278,2026,25-04-2026,Delhi,"Arun Jaitley Stadium, Delhi",Delhi Capitals,Punjab Kings,Delhi Capitals,bat,Punjab Kings,normal,KL Rahul
1529279,2026,25-04-2026,Jaipur,"Sawai Mansingh Stadium, Jaipur",Rajasthan Royals,Sunrisers Hyderabad,Sunrisers Hyderabad,field,Sunrisers Hyderabad,normal,Ishan Kishan
1529280,2026,26-04-2026,Chennai,"MA Chidambaram Stadium, Chepauk, Chennai",Chennai Super Kings,Gujarat Titans,Gujarat Titans,field,Gujarat Titans,normal,K Rabada
1529281,2026,26-04-2026,Lucknow,"Bharat Ratna Shri Atal Bihari Vajpayee Ekana Cricket Stadium, Lucknow",Kolkata Knight Riders,Lucknow Super Giants,Lucknow Super Giants,field,,tie,RK Singh
1529282,2026,27-04-2026,Delhi,"Arun Jaitley Stadium, Delhi",Delhi Capitals,Royal Challengers Bengaluru,Royal Challengers Bengaluru,field,Royal Challengers Bengaluru,normal,JR Hazlewood
1529283,2026,28-04-2026,New Chandigarh,"Maharaja Yadavindra Singh International Cricket Stadium, New Chandigarh",Punjab Kings,Rajasthan Royals,Rajasthan Royals,field,Rajasthan Royals,normal,D Ferreira
1529284,2026,29-04-2026,Mumbai,"Wankhede Stadium, Mumbai",Mumbai Indians,Sunrisers Hyderabad,Mumbai Indians,bat,Sunrisers Hyderabad,normal,H Klaasen
1529285,2026,30-04-2026,Ahmedabad,"Narendra Modi Stadium, Ahmedabad",Royal Challengers Bengaluru,Gujarat Titans,Gujarat Titans,field,Gujarat Titans,normal,JO Holder
1529286,2026,01-05-2026,Jaipur,"Sawai Mansingh Stadium, Jaipur",Rajasthan Royals,Delhi Capitals,Rajasthan Royals,bat,Delhi Capitals,normal,KL Rahul
1529287,2026,02-05-2026,Chennai,"MA Chidambaram Stadium, Chepauk, Chennai",Mumbai Indians,Chennai Super Kings,Mumbai Indians,bat,Chennai Super Kings,normal,RD Gaikwad
1529288,2026,03-05-2026,Hyderabad,"Rajiv Gandhi International Stadium, Uppal, Hyderabad",Sunrisers Hyderabad,Kolkata Knight Riders,Sunrisers Hyderabad,bat,Kolkata Knight Riders,normal,CV Varun
1529289,2026,03-05-2026,Ahmedabad,"Narendra Modi Stadium, Ahmedabad",Punjab Kings,Gujarat Titans,Gujarat Titans,field,Gujarat Titans,normal,JO Holder
1529290,2026,04-05-2026,Mumbai,"Wankhede Stadium, Mumbai",Lucknow Super Giants,Mumbai Indians,Mumbai Indians,field,Mumbai Indians,normal,RD Rickelton
1529291,2026,05-05-2026,Delhi,"Arun Jaitley Stadium, Delhi",Delhi Capitals,Chennai Super Kings,Delhi Capitals,bat,Chennai Super Kings,normal,SV Samson
1529292,2026,06-05-2026,Hyderabad,"Rajiv Gandhi International Stadium, Uppal, Hyderabad",Sunrisers Hyderabad,Punjab Kings,Punjab Kings,field,Sunrisers Hyderabad,normal,PJ Cummins
1529293,2026,07-05-2026,Lucknow,"Bharat Ratna Shri Atal Bihari Vajpayee Ekana Cricket Stadium, Lucknow",Lucknow Super Giants,Royal Challengers Bengaluru,Royal Challengers Bengaluru,field,Lucknow Super Giants,normal,MR Marsh
1529294,2026,08-05-2026,Delhi,"Arun Jaitley Stadium, Delhi",Delhi Capitals,Kolkata Knight Riders,Kolkata Knight Riders,field,Kolkata Knight Riders,normal,FH Allen
1529295,2026,09-05-2026,Jaipur,"Sawai Mansingh Stadium, Jaipur",Gujarat Titans,Rajasthan Royals,Rajasthan Royals,field,Gujarat Titans,normal,Rashid Khan
1529296,2026,10-05-2026,Chennai,"MA Chidambaram Stadium, Chepauk, Chennai",Lucknow Super Giants,Chennai Super Kings,Chennai Super Kings,field,Chennai Super Kings,normal,J Overton
1529297,2026,10-05-2026,Raipur,"Shaheed Veer Narayan Singh International Stadium, Raipur",Mumbai Indians,Royal Challengers Bengaluru,Royal Challengers Bengaluru,field,Royal Challengers Bengaluru,normal,B Kumar
1529298,2026,11-05-2026,Dharamsala,"Himachal Pradesh Cricket Association Stadium, Dharamsala",Punjab Kings,Delhi Capitals,Delhi Capitals,field,Delhi Capitals,normal,M Tiwari
1529299,2026,12-05-2026,Ahmedabad,"Narendra Modi Stadium, Ahmedabad",Gujarat Titans,Sunrisers Hyderabad,Sunrisers Hyderabad,field,Gujarat Titans,normal,K Rabada
1529300,2026,13-05-2026,Raipur,"Shaheed Veer Narayan Singh International Stadium, Raipur",Kolkata Knight Riders,Royal Challengers Bengaluru,Royal Challengers Bengaluru,field,Royal Challengers Bengaluru,normal,V Kohli
1529301,2026,14-05-2026,Dharamsala,"Himachal Pradesh Cricket Association Stadium, Dharamsala",Punjab Kings,Mumbai Indians,Mumbai Indians,field,Mumbai Indians,normal,Tilak Varma
1529302,2026,15-05-2026,Lucknow,"Bharat Ratna Shri Atal Bihari Vajpayee Ekana Cricket Stadium, Lucknow",Chennai Super Kings,Lucknow Super Giants,Lucknow Super Giants,field,Lucknow Super Giants,normal,MR Marsh
1529303,2026,16-05-2026,Kolkata,"Eden Gardens, Kolkata",Kolkata Knight Riders,Gujarat Titans,Gujarat Titans,field,Kolkata Knight Riders,normal,SP Narine
1529304,2026,17-05-2026,Dharamsala,"Himachal Pradesh Cricket Association Stadium, Dharamsala",Royal Challengers Bengaluru,Punjab Kings,Punjab Kings,field,Royal Challengers Bengaluru,normal,VR Iyer
1529305,2026,17-05-2026,Delhi,"Arun Jaitley Stadium, Delhi",Rajasthan Royals,Delhi Capitals,Delhi Capitals,field,Delhi Capitals,normal,MA Starc
1529306,2026,18-05-2026,Chennai,"MA Chidambaram Stadium, Chepauk, Chennai",Chennai Super Kings,Sunrisers Hyderabad,Chennai Super Kings,bat,Sunrisers Hyderabad,normal,Ishan Kishan
1529307,2026,19-05-2026,Jaipur,"Sawai Mansingh Stadium, Jaipur",Lucknow Super Giants,Rajasthan Royals,Rajasthan Royals,field,Rajasthan Royals,normal,V Suryavanshi
1529308,2026,20-05-2026,Kolkata,"Eden Gardens, Kolkata",Mumbai Indians,Kolkata Knight Riders,Kolkata Knight Riders,field,Kolkata Knight Riders,normal,MK Pandey
1529309,2026,21-05-2026,Ahmedabad,"Narendra Modi Stadium, Ahmedabad",Gujarat Titans,Chennai Super Kings,Chennai Super Kings,field,Gujarat Titans,normal,Mohammed Siraj
1529310,2026,22-05-2026,Hyderabad,"Rajiv Gandhi International Stadium, Uppal, Hyderabad",Sunrisers Hyderabad,Royal Challengers Bengaluru,Sunrisers Hyderabad,bat,Sunrisers Hyderabad,normal,Ishan Kishan
1529311,2026,23-05-2026,Lucknow,"Bharat Ratna Shri Atal Bihari Vajpayee Ekana Cricket Stadium, Lucknow",Lucknow Super Giants,Punjab Kings,Punjab Kings,field,Punjab Kings,normal,SS Iyer
1529312,2026,24-05-2026,Mumbai,"Wankhede Stadium, Mumbai",Rajasthan Royals,Mumbai Indians,Mumbai Indians,field,Rajasthan Royals,normal,JC Archer
1529313,2026,24-05-2026,Kolkata,"Eden Gardens, Kolkata",Delhi Capitals,Kolkata Knight Riders,Kolkata Knight Riders,field,Delhi Capitals,normal,Kuldeep Yadav
1535462,2026,26-05-2026,Dharamsala,"Himachal Pradesh Cricket Association Stadium, Dharamsala",Royal Challengers Bengaluru,Gujarat Titans,Gujarat Titans,field,Royal Challengers Bengaluru,normal,RM Patidar
1535463,2026,27-05-2026,New Chandigarh,"Maharaja Yadavindra Singh International Cricket Stadium, New Chandigarh",Rajasthan Royals,Sunrisers Hyderabad,Sunrisers Hyderabad,field,Rajasthan Royals,normal,V Suryavanshi
1535464,2026,29-05-2026,New Chandigarh,"Maharaja Yadavindra Singh International Cricket Stadium, New Chandigarh",Rajasthan Royals,Gujarat Titans,Rajasthan Royals,bat,Gujarat Titans,normal,Shubman Gill
1535465,2026,31-05-2026,Ahmedabad,"Narendra Modi Stadium, Ahmedabad",Gujarat Titans,Royal Challengers Bengaluru,Royal Challengers Bengaluru,field,Royal Challengers Bengaluru,normal,V Kohli
335982,2007/08,18-04-2008,Bangalore,M Chinnaswamy Stadium,Royal Challengers Bangalore,Kolkata Knight Riders,Royal Challengers Bangalore,field,Kolkata Knight Riders,normal,BB McCullum
335983,2007/08,19-04-2008,Chandigarh,"Punjab Cricket Association Stadium, Mohali",Kings XI Punjab,Chennai Super Kings,Chennai Super Kings,bat,Chennai Super Kings,normal,MEK Hussey
335984,2007/08,19-04-2008,Delhi,Feroz Shah Kotla,Delhi Daredevils,Rajasthan Royals,Rajasthan Royals,bat,Delhi Daredevils,normal,MF Maharoof
335985,2007/08,20-04-2008,Mumbai,Wankhede Stadium,Mumbai Indians,Royal Challengers Bangalore,Mumbai Indians,bat,Royal Challengers Bangalore,normal,MV Boucher
335986,2007/08,20-04-2008,Kolkata,Eden Gardens,Kolkata Knight Riders,Deccan Chargers,Deccan Chargers,bat,Kolkata Knight Riders,normal,DJ Hussey
335987,2007/08,21-04-2008,Jaipur,Sawai Mansingh Stadium,Rajasthan Royals,Kings XI Punjab,Kings XI Punjab,bat,Rajasthan Royals,normal,SR Watson
335988,2007/08,22-04-2008,Hyderabad,"Rajiv Gandhi International Stadium, Uppal",Deccan Chargers,Delhi Daredevils,Deccan Chargers,bat,Delhi Daredevils,normal,V Sehwag
335989,2007/08,23-04-2008,Chennai,"MA Chidambaram Stadium, Chepauk",Chennai Super Kings,Mumbai Indians,Mumbai Indians,field,Chennai Super Kings,normal,ML Hayden
335990,2007/08,24-04-2008,Hyderabad,"Rajiv Gandhi International Stadium, Uppal",Deccan Chargers,Rajasthan Royals,Rajasthan Royals,field,Rajasthan Royals,normal,YK Pathan
335991,2007/08,25-04-2008,Chandigarh,"Punjab Cricket Association Stadium, Mohali",Kings XI Punjab,Mumbai Indians,Mumbai Indians,field,Kings XI Punjab,normal,KC Sangakkara
335992,2007/08,26-04-2008,Bangalore,M Chinnaswamy Stadium,Royal Challengers Bangalore,Rajasthan Royals,Rajasthan Royals,field,Rajasthan Royals,normal,SR Watson
335993,2007/08,26-04-2008,Chennai,"MA Chidambaram Stadium, Chepauk",Chennai Super Kings,Kolkata Knight Riders,Kolkata Knight Riders,bat,Chennai Super Kings,normal,JDP Oram
335994,2007/08,27-04-2008,Mumbai,Dr DY Patil Sports Academy,Mumbai Indians,Deccan Chargers,Deccan Chargers,field,Deccan Chargers,normal,AC Gilchrist
335995,2007/08,27-04-2008,Chandigarh,"Punjab Cricket Association Stadium, Mohali",Kings XI Punjab,Delhi Daredevils,Delhi Daredevils,bat,Kings XI Punjab,normal,SM Katich
335996,2007/08,28-04-2008,Bangalore,M Chinnaswamy Stadium,Royal Challengers Bangalore,Chennai Super Kings,Chennai Super Kings,bat,Chennai Super Kings,normal,MS Dhoni
335997,2007/08,29-04-2008,Kolkata,Eden Gardens,Kolkata Knight Riders,Mumbai Indians,Kolkata Knight Riders,bat,Mumbai Indians,normal,ST Jayasuriya
335998,2007/08,30-04-2008,Delhi,Feroz Shah Kotla,Delhi Daredevils,Royal Challengers Bangalore,Royal Challengers Bangalore,field,Delhi Daredevils,normal,GD McGrath
335999,2007/08,01-05-2008,Hyderabad,"Rajiv Gandhi International Stadium, Uppal",Deccan Chargers,Kings XI Punjab,Kings XI Punjab,field,Kings XI Punjab,normal,SE Marsh
336000,2007/08,01-05-2008,Jaipur,Sawai Mansingh Stadium,Rajasthan Royals,Kolkata Knight Riders,Rajasthan Royals,bat,Rajasthan Royals,normal,SA Asnodkar
336001,2007/08,02-05-2008,Chennai,"MA Chidambaram Stadium, Chepauk",Chennai Super Kings,Delhi Daredevils,Chennai Super Kings,bat,Delhi Daredevils,normal,V Sehwag
336002,2007/08,25-05-2008,Hyderabad,"Rajiv Gandhi International Stadium, Uppal",Deccan Chargers,Royal Challengers Bangalore,Deccan Chargers,bat,Royal Challengers Bangalore,normal,R Vinay Kumar
336003,2007/08,03-05-2008,Chandigarh,"Punjab Cricket Association Stadium, Mohali",Kings XI Punjab,Kolkata Knight Riders,Kings XI Punjab,bat,Kings XI Punjab,normal,IK Pathan
336004,2007/08,04-05-2008,Mumbai,Dr DY Patil Sports Academy,Mumbai Indians,Delhi Daredevils,Delhi Daredevils,field,Mumbai Indians,normal,SM Pollock
336005,2007/08,04-05-2008,Jaipur,Sawai Mansingh Stadium,Rajasthan Royals,Chennai Super Kings,Chennai Super Kings,bat,Rajasthan Royals,normal,Sohail Tanvir
336006,2007/08,05-05-2008,Bangalore,M Chinnaswamy Stadium,Royal Challengers Bangalore,Kings XI Punjab,Kings XI Punjab,field,Kings XI Punjab,normal,S Sreesanth
336007,2007/08,06-05-2008,Chennai,"MA Chidambaram Stadium, Chepauk",Chennai Super Kings,Deccan Chargers,Deccan Chargers,field,Deccan Chargers,normal,AC Gilchrist
336008,2007/08,07-05-2008,Mumbai,Dr DY Patil Sports Academy,Mumbai Indians,Rajasthan Royals,Mumbai Indians,field,Mumbai Indians,normal,A Nehra
336009,2007/08,08-05-2008,Delhi,Feroz Shah Kotla,Delhi Daredevils,Chennai Super Kings,Chennai Super Kings,field,Chennai Super Kings,normal,MS Dhoni
336010,2007/08,08-05-2008,Kolkata,Eden Gardens,Kolkata Knight Riders,Royal Challengers Bangalore,Kolkata Knight Riders,bat,Kolkata Knight Riders,normal,SC Ganguly
336011,2007/08,09-05-2008,Jaipur,Sawai Mansingh Stadium,Rajasthan Royals,Deccan Chargers,Rajasthan Royals,field,Rajasthan Royals,normal,YK Pathan
336012,2007/08,28-05-2008,Bangalore,M Chinnaswamy Stadium,Royal Challengers Bangalore,Mumbai Indians,Mumbai Indians,field,Mumbai Indians,normal,CRD Fernando
336013,2007/08,10-05-2008,Chennai,"MA Chidambaram Stadium, Chepauk",Chennai Super Kings,Kings XI Punjab,Kings XI Punjab,field,Chennai Super Kings,normal,L Balaji
336014,2007/08,11-05-2008,Hyderabad,"Rajiv Gandhi International Stadium, Uppal",Deccan Chargers,Kolkata Knight Riders,Kolkata Knight Riders,bat,Kolkata Knight Riders,normal,SC Ganguly
336015,2007/08,11-05-2008,Jaipur,Sawai Mansingh Stadium,Rajasthan Royals,Delhi Daredevils,Rajasthan Royals,field,Rajasthan Royals,normal,SR Watson
336016,2007/08,12-05-2008,Chandigarh,"Punjab Cricket Association Stadium, Mohali",Kings XI Punjab,Royal Challengers Bangalore,Royal Challengers Bangalore,bat,Kings XI Punjab,normal,SE Marsh
336017,2007/08,13-05-2008,Kolkata,Eden Gardens,Kolkata Knight Riders,Delhi Daredevils,Kolkata Knight Riders,bat,Kolkata Knight Riders,normal,Shoaib Akhtar
336018,2007/08,14-05-2008,Mumbai,Wankhede Stadium,Mumbai Indians,Chennai Super Kings,Mumbai Indians,field,Mumbai Indians,normal,ST Jayasuriya
336019,2007/08,28-05-2008,Chandigarh,"Punjab Cricket Association Stadium, Mohali",Kings XI Punjab,Rajasthan Royals,Rajasthan Royals,field,Kings XI Punjab,normal,SE Marsh
336020,2007/08,15-05-2008,Delhi,Feroz Shah Kotla,Delhi Daredevils,Deccan Chargers,Deccan Chargers,field,Delhi Daredevils,normal,A Mishra
336021,2007/08,16-05-2008,Mumbai,Wankhede Stadium,Mumbai Indians,Kolkata Knight Riders,Mumbai Indians,field,Mumbai Indians,normal,SM Pollock
336022,2007/08,17-05-2008,Delhi,Feroz Shah Kotla,Delhi Daredevils,Kings XI Punjab,Delhi Daredevils,bat,Kings XI Punjab,normal,DPMD Jayawardene
336023,2007/08,17-05-2008,Jaipur,Sawai Mansingh Stadium,Rajasthan Royals,Royal Challengers Bangalore,Royal Challengers Bangalore,field,Rajasthan Royals,normal,GC Smith
336024,2007/08,18-05-2008,Hyderabad,"Rajiv Gandhi International Stadium, Uppal",Deccan Chargers,Mumbai Indians,Deccan Chargers,field,Mumbai Indians,normal,DJ Bravo
336025,2007/08,18-05-2008,Kolkata,Eden Gardens,Kolkata Knight Riders,Chennai Super Kings,Kolkata Knight Riders,bat,Chennai Super Kings,normal,M Ntini
336026,2007/08,19-05-2008,Bangalore,M Chinnaswamy Stadium,Royal Challengers Bangalore,Delhi Daredevils,Delhi Daredevils,field,Delhi Daredevils,normal,SP Goswami
336027,2007/08,20-05-2008,Kolkata,Eden Gardens,Kolkata Knight Riders,Rajasthan Royals,Rajasthan Royals,field,Rajasthan Royals,normal,YK Pathan
336028,2007/08,21-05-2008,Mumbai,Wankhede Stadium,Mumbai Indians,Kings XI Punjab,Mumbai Indians,field,Kings XI Punjab,normal,SE Marsh
336029,2007/08,21-05-2008,Chennai,"MA Chidambaram Stadium, Chepauk",Chennai Super Kings,Royal Challengers Bangalore,Royal Challengers Bangalore,bat,Royal Challengers Bangalore,normal,A Kumble
336031,2007/08,23-05-2008,Chandigarh,"Punjab Cricket Association Stadium, Mohali",Kings XI Punjab,Deccan Chargers,Kings XI Punjab,field,Kings XI Punjab,normal,SE Marsh
336032,2007/08,24-05-2008,Delhi,Feroz Shah Kotla,Delhi Daredevils,Mumbai Indians,Delhi Daredevils,field,Delhi Daredevils,normal,KD Karthik
336033,2007/08,24-05-2008,Chennai,"MA Chidambaram Stadium, Chepauk",Chennai Super Kings,Rajasthan Royals,Rajasthan Royals,bat,Rajasthan Royals,normal,JA Morkel
336034,2007/08,03-05-2008,Bangalore,M Chinnaswamy Stadium,Royal Challengers Bangalore,Deccan Chargers,Deccan Chargers,field,Royal Challengers Bangalore,normal,P Kumar
336035,2007/08,25-05-2008,Kolkata,Eden Gardens,Kolkata Knight Riders,Kings XI Punjab,Kings XI Punjab,bat,Kolkata Knight Riders,normal,Umar Gul
336036,2007/08,26-05-2008,Jaipur,Sawai Mansingh Stadium,Rajasthan Royals,Mumbai Indians,Rajasthan Royals,field,Rajasthan Royals,normal,Sohail Tanvir
336037,2007/08,27-05-2008,Hyderabad,"Rajiv Gandhi International Stadium, Uppal",Deccan Chargers,Chennai Super Kings,Deccan Chargers,bat,Chennai Super Kings,normal,SK Raina
336038,2007/08,30-05-2008,Mumbai,Wankhede Stadium,Delhi Daredevils,Rajasthan Royals,Delhi Daredevils,field,Rajasthan Royals,normal,SR Watson
336039,2007/08,31-05-2008,Mumbai,Wankhede Stadium,Chennai Super Kings,Kings XI Punjab,Kings XI Punjab,bat,Chennai Super Kings,normal,M Ntini
336040,2007/08,01-06-2008,Mumbai,Dr DY Patil Sports Academy,Chennai Super Kings,Rajasthan Royals,Rajasthan Royals,field,Rajasthan Royals,normal,YK Pathan
392181,2009,18-04-2009,Cape Town,Newlands,Chennai Super Kings,Mumbai Indians,Chennai Super Kings,field,Mumbai Indians,normal,SR Tendulkar
392182,2009,18-04-2009,Cape Town,Newlands,Royal Challengers Bangalore,Rajasthan Royals,Royal Challengers Bangalore,bat,Royal Challengers Bangalore,normal,R Dravid
392183,2009,19-04-2009,Cape Town,Newlands,Delhi Daredevils,Kings XI Punjab,Delhi Daredevils,field,Delhi Daredevils,normal,DL Vettori
392184,2009,19-04-2009,Cape Town,Newlands,Deccan Chargers,Kolkata Knight Riders,Kolkata Knight Riders,bat,Deccan Chargers,normal,RP Singh
392185,2009,20-04-2009,Port Elizabeth,St George's Park,Royal Challengers Bangalore,Chennai Super Kings,Chennai Super Kings,bat,Chennai Super Kings,normal,M Muralitharan
392186,2009,21-04-2009,Durban,Kingsmead,Kings XI Punjab,Kolkata Knight Riders,Kolkata Knight Riders,field,Kolkata Knight Riders,normal,CH Gayle
392188,2009,22-04-2009,Cape Town,Newlands,Royal Challengers Bangalore,Deccan Chargers,Deccan Chargers,bat,Deccan Chargers,normal,AC Gilchrist
392189,2009,23-04-2009,Durban,Kingsmead,Chennai Super Kings,Delhi Daredevils,Delhi Daredevils,bat,Delhi Daredevils,normal,AB de Villiers
392190,2009,23-04-2009,Cape Town,Newlands,Kolkata Knight Riders,Rajasthan Royals,Kolkata Knight Riders,field,,tie,YK Pathan
392191,2009,24-04-2009,Durban,Kingsmead,Royal Challengers Bangalore,Kings XI Punjab,Royal Challengers Bangalore,bat,Kings XI Punjab,normal,RS Bopara
392192,2009,25-04-2009,Durban,Kingsmead,Deccan Chargers,Mumbai Indians,Deccan Chargers,bat,Deccan Chargers,normal,PP Ojha
392194,2009,26-04-2009,Port Elizabeth,St George's Park,Royal Challengers Bangalore,Delhi Daredevils,Royal Challengers Bangalore,bat,Delhi Daredevils,normal,TM Dilshan
392195,2009,26-04-2009,Cape Town,Newlands,Kings XI Punjab,Rajasthan Royals,Kings XI Punjab,bat,Kings XI Punjab,normal,KC Sangakkara
392196,2009,27-04-2009,Durban,Kingsmead,Chennai Super Kings,Deccan Chargers,Deccan Chargers,field,Deccan Chargers,normal,HH Gibbs
392197,2009,27-04-2009,Port Elizabeth,St George's Park,Kolkata Knight Riders,Mumbai Indians,Mumbai Indians,bat,Mumbai Indians,normal,SR Tendulkar
392198,2009,28-04-2009,Centurion,SuperSport Park,Delhi Daredevils,Rajasthan Royals,Delhi Daredevils,bat,Rajasthan Royals,normal,YK Pathan
392199,2009,29-04-2009,Durban,Kingsmead,Royal Challengers Bangalore,Kolkata Knight Riders,Kolkata Knight Riders,bat,Royal Challengers Bangalore,normal,MV Boucher
392200,2009,29-04-2009,Durban,Kingsmead,Kings XI Punjab,Mumbai Indians,Kings XI Punjab,bat,Kings XI Punjab,normal,KC Sangakkara
392201,2009,30-04-2009,Centurion,SuperSport Park,Deccan Chargers,Delhi Daredevils,Delhi Daredevils,field,Delhi Daredevils,normal,DP Nannes
392202,2009,30-04-2009,Centurion,SuperSport Park,Chennai Super Kings,Rajasthan Royals,Rajasthan Royals,field,Chennai Super Kings,normal,SK Raina
392203,2009,01-05-2009,East London,Buffalo Park,Kolkata Knight Riders,Mumbai Indians,Mumbai Indians,bat,Mumbai Indians,normal,JP Duminy
392204,2009,01-05-2009,Durban,Kingsmead,Royal Challengers Bangalore,Kings XI Punjab,Royal Challengers Bangalore,bat,Royal Challengers Bangalore,normal,Yuvraj Singh
392205,2009,02-05-2009,Port Elizabeth,St George's Park,Deccan Chargers,Rajasthan Royals,Deccan Chargers,bat,Rajasthan Royals,normal,YK Pathan
392206,2009,02-05-2009,Johannesburg,New Wanderers Stadium,Chennai Super Kings,Delhi Daredevils,Delhi Daredevils,field,Chennai Super Kings,normal,SB Jakati
392207,2009,03-05-2009,Port Elizabeth,St George's Park,Kings XI Punjab,Kolkata Knight Riders,Kolkata Knight Riders,bat,Kings XI Punjab,normal,DPMD Jayawardene
392208,2009,03-05-2009,Johannesburg,New Wanderers Stadium,Royal Challengers Bangalore,Mumbai Indians,Mumbai Indians,bat,Royal Challengers Bangalore,normal,JH Kallis
392209,2009,04-05-2009,East London,Buffalo Park,Chennai Super Kings,Deccan Chargers,Chennai Super Kings,bat,Chennai Super Kings,normal,MS Dhoni
392210,2009,05-05-2009,Durban,Kingsmead,Kings XI Punjab,Rajasthan Royals,Kings XI Punjab,field,Rajasthan Royals,normal,GC Smith
392211,2009,05-05-2009,Durban,Kingsmead,Delhi Daredevils,Kolkata Knight Riders,Kolkata Knight Riders,bat,Delhi Daredevils,normal,G Gambhir
392212,2009,06-05-2009,Centurion,SuperSport Park,Deccan Chargers,Mumbai Indians,Deccan Chargers,bat,Deccan Chargers,normal,RG Sharma
392213,2009,07-05-2009,Centurion,SuperSport Park,Royal Challengers Bangalore,Rajasthan Royals,Rajasthan Royals,field,Rajasthan Royals,normal,A Singh
392214,2009,07-05-2009,Centurion,SuperSport Park,Chennai Super Kings,Kings XI Punjab,Chennai Super Kings,bat,Chennai Super Kings,normal,ML Hayden
392215,2009,08-05-2009,East London,Buffalo Park,Delhi Daredevils,Mumbai Indians,Mumbai Indians,bat,Delhi Daredevils,normal,A Nehra
392216,2009,09-05-2009,Kimberley,De Beers Diamond Oval,Deccan Chargers,Kings XI Punjab,Kings XI Punjab,field,Kings XI Punjab,normal,DPMD Jayawardene
392217,2009,09-05-2009,Kimberley,De Beers Diamond Oval,Chennai Super Kings,Rajasthan Royals,Rajasthan Royals,bat,Chennai Super Kings,normal,S Badrinath
392218,2009,10-05-2009,Port Elizabeth,St George's Park,Royal Challengers Bangalore,Mumbai Indians,Mumbai Indians,bat,Mumbai Indians,normal,JP Duminy
392219,2009,10-05-2009,Johannesburg,New Wanderers Stadium,Delhi Daredevils,Kolkata Knight Riders,Delhi Daredevils,field,Delhi Daredevils,normal,A Mishra
392220,2009,11-05-2009,Kimberley,De Beers Diamond Oval,Deccan Chargers,Rajasthan Royals,Deccan Chargers,bat,Deccan Chargers,normal,DR Smith
392221,2009,12-05-2009,Centurion,SuperSport Park,Royal Challengers Bangalore,Kolkata Knight Riders,Royal Challengers Bangalore,field,Royal Challengers Bangalore,normal,LRPL Taylor
392222,2009,12-05-2009,Centurion,SuperSport Park,Kings XI Punjab,Mumbai Indians,Kings XI Punjab,bat,Mumbai Indians,normal,Harbhajan Singh
392223,2009,13-05-2009,Durban,Kingsmead,Deccan Chargers,Delhi Daredevils,Deccan Chargers,field,Delhi Daredevils,normal,R Bhatia
392224,2009,14-05-2009,Durban,Kingsmead,Royal Challengers Bangalore,Chennai Super Kings,Chennai Super Kings,bat,Royal Challengers Bangalore,normal,LRPL Taylor
392225,2009,14-05-2009,Durban,Kingsmead,Mumbai Indians,Rajasthan Royals,Rajasthan Royals,bat,Rajasthan Royals,normal,SK Warne
392226,2009,15-05-2009,Bloemfontein,OUTsurance Oval,Delhi Daredevils,Kings XI Punjab,Kings XI Punjab,field,Kings XI Punjab,normal,B Lee
392227,2009,16-05-2009,Port Elizabeth,St George's Park,Chennai Super Kings,Mumbai Indians,Mumbai Indians,bat,Chennai Super Kings,normal,ML Hayden
392228,2009,16-05-2009,Johannesburg,New Wanderers Stadium,Deccan Chargers,Kolkata Knight Riders,Deccan Chargers,field,Deccan Chargers,normal,RG Sharma
392229,2009,17-05-2009,Johannesburg,New Wanderers Stadium,Deccan Chargers,Kings XI Punjab,Deccan Chargers,field,Kings XI Punjab,normal,Yuvraj Singh
392230,2009,17-05-2009,Bloemfontein,OUTsurance Oval,Delhi Daredevils,Rajasthan Royals,Delhi Daredevils,bat,Delhi Daredevils,normal,AB de Villiers
392231,2009,18-05-2009,Centurion,SuperSport Park,Chennai Super Kings,Kolkata Knight Riders,Chennai Super Kings,bat,Kolkata Knight Riders,normal,BJ Hodge
392232,2009,19-05-2009,Johannesburg,New Wanderers Stadium,Royal Challengers Bangalore,Delhi Daredevils,Delhi Daredevils,bat,Royal Challengers Bangalore,normal,JH Kallis
392233,2009,20-05-2009,Durban,Kingsmead,Kolkata Knight Riders,Rajasthan Royals,Kolkata Knight Riders,field,Kolkata Knight Riders,normal,LR Shukla
392234,2009,20-05-2009,Durban,Kingsmead,Chennai Super Kings,Kings XI Punjab,Chennai Super Kings,bat,Chennai Super Kings,normal,M Muralitharan
392235,2009,21-05-2009,Centurion,SuperSport Park,Delhi Daredevils,Mumbai Indians,Delhi Daredevils,field,Delhi Daredevils,normal,V Sehwag
392236,2009,21-05-2009,Centurion,SuperSport Park,Royal Challengers Bangalore,Deccan Chargers,Royal Challengers Bangalore,bat,Royal Challengers Bangalore,normal,MK Pandey
392237,2009,22-05-2009,Centurion,SuperSport Park,Delhi Daredevils,Deccan Chargers,Deccan Chargers,field,Deccan Chargers,normal,AC Gilchrist
392238,2009,23-05-2009,Johannesburg,New Wanderers Stadium,Royal Challengers Bangalore,Chennai Super Kings,Royal Challengers Bangalore,field,Royal Challengers Bangalore,normal,MK Pandey
392239,2009,24-05-2009,Johannesburg,New Wanderers Stadium,Royal Challengers Bangalore,Deccan Chargers,Royal Challengers Bangalore,field,Deccan Chargers,normal,A Kumble
419106,2009/10,12-03-2010,Mumbai,Dr DY Patil Sports Academy,Deccan Chargers,Kolkata Knight Riders,Deccan Chargers,field,Kolkata Knight Riders,normal,AD Mathews
419107,2009/10,13-03-2010,Mumbai,Brabourne Stadium,Mumbai Indians,Rajasthan Royals,Mumbai Indians,bat,Mumbai Indians,normal,YK Pathan
419108,2009/10,13-03-2010,Chandigarh,"Punjab Cricket Association Stadium, Mohali",Kings XI Punjab,Delhi Daredevils,Delhi Daredevils,field,Delhi Daredevils,normal,G Gambhir
419109,2009/10,14-03-2010,Kolkata,Eden Gardens,Kolkata Knight Riders,Royal Challengers Bangalore,Kolkata Knight Riders,field,Kolkata Knight Riders,normal,MK Tiwary
419110,2009/10,14-03-2010,Chennai,"MA Chidambaram Stadium, Chepauk",Chennai Super Kings,Deccan Chargers,Deccan Chargers,bat,Deccan Chargers,normal,WPUJC Vaas
419111,2009/10,15-03-2010,Ahmedabad,"Sardar Patel Stadium, Motera",Rajasthan Royals,Delhi Daredevils,Delhi Daredevils,field,Delhi Daredevils,normal,V Sehwag
419112,2009/10,16-03-2010,Bangalore,M Chinnaswamy Stadium,Royal Challengers Bangalore,Kings XI Punjab,Kings XI Punjab,bat,Royal Challengers Bangalore,normal,JH Kallis
419113,2009/10,16-03-2010,Kolkata,Eden Gardens,Kolkata Knight Riders,Chennai Super Kings,Chennai Super Kings,bat,Chennai Super Kings,normal,MS Dhoni
419114,2009/10,17-03-2010,Delhi,Feroz Shah Kotla,Delhi Daredevils,Mumbai Indians,Delhi Daredevils,field,Mumbai Indians,normal,SR Tendulkar
419115,2009/10,18-03-2010,Bangalore,M Chinnaswamy Stadium,Royal Challengers Bangalore,Rajasthan Royals,Royal Challengers Bangalore,field,Royal Challengers Bangalore,normal,JH Kallis
419116,2009/10,19-03-2010,Delhi,Feroz Shah Kotla,Delhi Daredevils,Chennai Super Kings,Delhi Daredevils,bat,Chennai Super Kings,normal,ML Hayden
419117,2009/10,19-03-2010,Cuttack,Barabati Stadium,Deccan Chargers,Kings XI Punjab,Kings XI Punjab,field,Deccan Chargers,normal,A Symonds
419118,2009/10,20-03-2010,Ahmedabad,"Sardar Patel Stadium, Motera",Rajasthan Royals,Kolkata Knight Riders,Rajasthan Royals,bat,Rajasthan Royals,normal,AA Jhunjhunwala
419119,2009/10,20-03-2010,Mumbai,Brabourne Stadium,Mumbai Indians,Royal Challengers Bangalore,Mumbai Indians,bat,Royal Challengers Bangalore,normal,JH Kallis
419120,2009/10,21-03-2010,Cuttack,Barabati Stadium,Deccan Chargers,Delhi Daredevils,Deccan Chargers,bat,Deccan Chargers,normal,A Symonds
419121,2009/10,21-03-2010,Chennai,"MA Chidambaram Stadium, Chepauk",Chennai Super Kings,Kings XI Punjab,Chennai Super Kings,field,,tie,J Theron
419122,2009/10,22-03-2010,Mumbai,Brabourne Stadium,Mumbai Indians,Kolkata Knight Riders,Kolkata Knight Riders,bat,Mumbai Indians,normal,SR Tendulkar
419123,2009/10,23-03-2010,Bangalore,M Chinnaswamy Stadium,Royal Challengers Bangalore,Chennai Super Kings,Chennai Super Kings,field,Royal Challengers Bangalore,normal,RV Uthappa
419124,2009/10,24-03-2010,Chandigarh,"Punjab Cricket Association Stadium, Mohali",Kings XI Punjab,Rajasthan Royals,Kings XI Punjab,field,Rajasthan Royals,normal,AC Voges
419125,2009/10,25-03-2010,Mumbai,"Brabourne Stadium, Mumbai",Chennai Super Kings,Mumbai Indians,Mumbai Indians,field,Mumbai Indians,normal,SR Tendulkar
419126,2009/10,26-03-2010,Ahmedabad,"Sardar Patel Stadium, Motera",Rajasthan Royals,Deccan Chargers,Deccan Chargers,bat,Rajasthan Royals,normal,YK Pathan
419127,2009/10,27-03-2010,Chandigarh,"Punjab Cricket Association Stadium, Mohali",Kings XI Punjab,Kolkata Knight Riders,Kolkata Knight Riders,bat,Kolkata Knight Riders,normal,MK Tiwary
419128,2009/10,25-03-2010,Bangalore,M Chinnaswamy Stadium,Royal Challengers Bangalore,Delhi Daredevils,Royal Challengers Bangalore,field,Delhi Daredevils,normal,KM Jadhav
419129,2009/10,28-03-2010,Ahmedabad,"Sardar Patel Stadium, Motera",Rajasthan Royals,Chennai Super Kings,Rajasthan Royals,bat,Rajasthan Royals,normal,NV Ojha
419130,2009/10,28-03-2010,Mumbai,Dr DY Patil Sports Academy,Deccan Chargers,Mumbai Indians,Deccan Chargers,field,Mumbai Indians,normal,Harbhajan Singh
419131,2009/10,29-03-2010,Delhi,Feroz Shah Kotla,Delhi Daredevils,Kolkata Knight Riders,Delhi Daredevils,bat,Delhi Daredevils,normal,DA Warner
419132,2009/10,30-03-2010,Mumbai,Brabourne Stadium,Mumbai Indians,Kings XI Punjab,Mumbai Indians,field,Mumbai Indians,normal,SL Malinga
419133,2009/10,31-03-2010,Chennai,"MA Chidambaram Stadium, Chepauk",Chennai Super Kings,Royal Challengers Bangalore,Royal Challengers Bangalore,bat,Chennai Super Kings,normal,M Vijay
419134,2009/10,31-03-2010,Delhi,Feroz Shah Kotla,Delhi Daredevils,Rajasthan Royals,Delhi Daredevils,bat,Delhi Daredevils,normal,KD Karthik
419135,2009/10,01-04-2010,Kolkata,Eden Gardens,Kolkata Knight Riders,Deccan Chargers,Kolkata Knight Riders,bat,Kolkata Knight Riders,normal,SC Ganguly
419136,2009/10,02-04-2010,Chandigarh,"Punjab Cricket Association Stadium, Mohali",Kings XI Punjab,Royal Challengers Bangalore,Kings XI Punjab,bat,Royal Challengers Bangalore,normal,KP Pietersen
419137,2009/10,03-04-2010,Chennai,"MA Chidambaram Stadium, Chepauk",Chennai Super Kings,Rajasthan Royals,Chennai Super Kings,bat,Chennai Super Kings,normal,M Vijay
419138,2009/10,03-04-2010,Mumbai,Brabourne Stadium,Mumbai Indians,Deccan Chargers,Mumbai Indians,bat,Mumbai Indians,normal,AT Rayudu
419139,2009/10,04-04-2010,Kolkata,Eden Gardens,Kolkata Knight Riders,Kings XI Punjab,Kolkata Knight Riders,bat,Kings XI Punjab,normal,DPMD Jayawardene
419140,2009/10,04-04-2010,Delhi,Feroz Shah Kotla,Delhi Daredevils,Royal Challengers Bangalore,Delhi Daredevils,bat,Delhi Daredevils,normal,PD Collingwood
419141,2009/10,05-04-2010,Nagpur,"Vidarbha Cricket Association Stadium, Jamtha",Deccan Chargers,Rajasthan Royals,Rajasthan Royals,bat,Rajasthan Royals,normal,SK Warne
419142,2009/10,06-04-2010,Chennai,"MA Chidambaram Stadium, Chepauk",Chennai Super Kings,Mumbai Indians,Chennai Super Kings,bat,Chennai Super Kings,normal,SK Raina
419143,2009/10,07-04-2010,Jaipur,Sawai Mansingh Stadium,Rajasthan Royals,Kings XI Punjab,Kings XI Punjab,bat,Rajasthan Royals,normal,MJ Lumb
419144,2009/10,07-04-2010,Kolkata,Eden Gardens,Kolkata Knight Riders,Delhi Daredevils,Kolkata Knight Riders,bat,Kolkata Knight Riders,normal,SC Ganguly
419145,2009/10,08-04-2010,Bangalore,M Chinnaswamy Stadium,Royal Challengers Bangalore,Deccan Chargers,Deccan Chargers,field,Deccan Chargers,normal,TL Suman
419146,2009/10,09-04-2010,Chandigarh,"Punjab Cricket Association Stadium, Mohali",Kings XI Punjab,Mumbai Indians,Mumbai Indians,bat,Kings XI Punjab,normal,KC Sangakkara
419147,2009/10,10-04-2010,Nagpur,"Vidarbha Cricket Association Stadium, Jamtha",Deccan Chargers,Chennai Super Kings,Chennai Super Kings,bat,Deccan Chargers,normal,RJ Harris
419148,2009/10,10-04-2010,Bangalore,M Chinnaswamy Stadium,Royal Challengers Bangalore,Kolkata Knight Riders,Royal Challengers Bangalore,field,Royal Challengers Bangalore,normal,R Vinay Kumar
419149,2009/10,11-04-2010,Delhi,Feroz Shah Kotla,Delhi Daredevils,Kings XI Punjab,Delhi Daredevils,bat,Kings XI Punjab,normal,PP Chawla
419150,2009/10,11-04-2010,Jaipur,Sawai Mansingh Stadium,Rajasthan Royals,Mumbai Indians,Rajasthan Royals,field,Mumbai Indians,normal,SR Tendulkar
419151,2009/10,12-04-2010,Nagpur,"Vidarbha Cricket Association Stadium, Jamtha",Deccan Chargers,Royal Challengers Bangalore,Royal Challengers Bangalore,field,Deccan Chargers,normal,Harmeet Singh
419152,2009/10,13-04-2010,Mumbai,Brabourne Stadium,Mumbai Indians,Delhi Daredevils,Mumbai Indians,bat,Mumbai Indians,normal,KA Pollard
419153,2009/10,13-04-2010,Chennai,"MA Chidambaram Stadium, Chepauk",Chennai Super Kings,Kolkata Knight Riders,Kolkata Knight Riders,bat,Chennai Super Kings,normal,R Ashwin
419154,2009/10,14-04-2010,Jaipur,Sawai Mansingh Stadium,Rajasthan Royals,Royal Challengers Bangalore,Rajasthan Royals,bat,Royal Challengers Bangalore,normal,KP Pietersen
419155,2009/10,15-04-2010,Chennai,"MA Chidambaram Stadium, Chepauk",Chennai Super Kings,Delhi Daredevils,Chennai Super Kings,bat,Delhi Daredevils,normal,G Gambhir
419156,2009/10,16-04-2010,Dharamsala,Himachal Pradesh Cricket Association Stadium,Kings XI Punjab,Deccan Chargers,Deccan Chargers,field,Deccan Chargers,normal,RG Sharma
419157,2009/10,17-04-2010,Bangalore,M Chinnaswamy Stadium,Royal Challengers Bangalore,Mumbai Indians,Royal Challengers Bangalore,field,Mumbai Indians,normal,R McLaren
419158,2009/10,17-04-2010,Kolkata,Eden Gardens,Kolkata Knight Riders,Rajasthan Royals,Rajasthan Royals,bat,Kolkata Knight Riders,normal,JD Unadkat
419159,2009/10,18-04-2010,Dharamsala,Himachal Pradesh Cricket Association Stadium,Kings XI Punjab,Chennai Super Kings,Chennai Super Kings,field,Chennai Super Kings,normal,MS Dhoni
419160,2009/10,18-04-2010,Delhi,Feroz Shah Kotla,Delhi Daredevils,Deccan Chargers,Deccan Chargers,bat,Deccan Chargers,normal,A Symonds
419161,2009/10,19-04-2010,Kolkata,Eden Gardens,Kolkata Knight Riders,Mumbai Indians,Mumbai Indians,bat,Kolkata Knight Riders,normal,M Kartik
419162,2009/10,21-04-2010,Mumbai,Dr DY Patil Sports Academy,Royal Challengers Bangalore,Mumbai Indians,Mumbai Indians,bat,Mumbai Indians,normal,KA Pollard
419163,2009/10,22-04-2010,Mumbai,Dr DY Patil Sports Academy,Chennai Super Kings,Deccan Chargers,Chennai Super Kings,bat,Chennai Super Kings,normal,DE Bollinger
419164,2009/10,24-04-2010,Mumbai,Dr DY Patil Sports Academy,Royal Challengers Bangalore,Deccan Chargers,Deccan Chargers,bat,Royal Challengers Bangalore,normal,A Kumble
419165,2009/10,25-04-2010,Mumbai,Dr DY Patil Sports Academy,Chennai Super Kings,Mumbai Indians,Chennai Super Kings,bat,Chennai Super Kings,normal,SK Raina
501198,2011,08-04-2011,Chennai,"MA Chidambaram Stadium, Chepauk",Chennai Super Kings,Kolkata Knight Riders,Chennai Super Kings,bat,Chennai Super Kings,normal,S Anirudha
501199,2011,09-04-2011,Hyderabad,"Rajiv Gandhi International Stadium, Uppal",Deccan Chargers,Rajasthan Royals,Rajasthan Royals,field,Rajasthan Royals,normal,SK Trivedi
501200,2011,09-04-2011,Kochi,Nehru Stadium,Kochi Tuskers Kerala,Royal Challengers Bangalore,Kochi Tuskers Kerala,bat,Royal Challengers Bangalore,normal,AB de Villiers
501201,2011,10-04-2011,Delhi,Feroz Shah Kotla,Delhi Daredevils,Mumbai Indians,Delhi Daredevils,bat,Mumbai Indians,normal,SL Malinga
501202,2011,10-04-2011,Mumbai,Dr DY Patil Sports Academy,Pune Warriors,Kings XI Punjab,Kings XI Punjab,bat,Pune Warriors,normal,SB Wagh
501203,2011,11-04-2011,Kolkata,Eden Gardens,Kolkata Knight Riders,Deccan Chargers,Kolkata Knight Riders,bat,Kolkata Knight Riders,normal,JH Kallis
501204,2011,12-04-2011,Jaipur,Sawai Mansingh Stadium,Rajasthan Royals,Delhi Daredevils,Delhi Daredevils,bat,Rajasthan Royals,normal,SK Warne
501205,2011,12-04-2011,Bangalore,M Chinnaswamy Stadium,Royal Challengers Bangalore,Mumbai Indians,Mumbai Indians,field,Mumbai Indians,normal,SR Tendulkar
501206,2011,13-04-2011,Chandigarh,"Punjab Cricket Association Stadium, Mohali",Kings XI Punjab,Chennai Super Kings,Kings XI Punjab,field,Kings XI Punjab,normal,PC Valthaty
501207,2011,13-04-2011,Mumbai,Dr DY Patil Sports Academy,Pune Warriors,Kochi Tuskers Kerala,Kochi Tuskers Kerala,bat,Pune Warriors,normal,MD Mishra
501208,2011,14-04-2011,Hyderabad,"Rajiv Gandhi International Stadium, Uppal",Deccan Chargers,Royal Challengers Bangalore,Royal Challengers Bangalore,field,Deccan Chargers,normal,DW Steyn
501209,2011,15-04-2011,Jaipur,Sawai Mansingh Stadium,Rajasthan Royals,Kolkata Knight Riders,Kolkata Knight Riders,field,Kolkata Knight Riders,normal,G Gambhir
501210,2011,15-04-2011,Mumbai,Wankhede Stadium,Mumbai Indians,Kochi Tuskers Kerala,Kochi Tuskers Kerala,field,Kochi Tuskers Kerala,normal,BB McCullum
501211,2011,16-04-2011,Chennai,"MA Chidambaram Stadium, Chepauk",Chennai Super Kings,Royal Challengers Bangalore,Chennai Super Kings,bat,Chennai Super Kings,normal,MEK Hussey
501212,2011,16-04-2011,Hyderabad,"Rajiv Gandhi International Stadium, Uppal",Deccan Chargers,Kings XI Punjab,Kings XI Punjab,field,Kings XI Punjab,normal,PC Valthaty
501213,2011,17-04-2011,Mumbai,Dr DY Patil Sports Academy,Pune Warriors,Delhi Daredevils,Delhi Daredevils,field,Delhi Daredevils,normal,Yuvraj Singh
501214,2011,17-04-2011,Kolkata,Eden Gardens,Kolkata Knight Riders,Rajasthan Royals,Kolkata Knight Riders,field,Kolkata Knight Riders,normal,L Balaji
501215,2011,18-04-2011,Kochi,Nehru Stadium,Kochi Tuskers Kerala,Chennai Super Kings,Kochi Tuskers Kerala,field,Kochi Tuskers Kerala,normal,BB McCullum
501216,2011,19-04-2011,Delhi,Feroz Shah Kotla,Delhi Daredevils,Deccan Chargers,Deccan Chargers,bat,Deccan Chargers,normal,S Sohal
501218,2011,20-04-2011,Mumbai,Wankhede Stadium,Mumbai Indians,Pune Warriors,Pune Warriors,bat,Mumbai Indians,normal,MM Patel
501219,2011,20-04-2011,Kolkata,Eden Gardens,Kolkata Knight Riders,Kochi Tuskers Kerala,Kolkata Knight Riders,field,Kochi Tuskers Kerala,normal,DPMD Jayawardene
501220,2011,21-04-2011,Chandigarh,"Punjab Cricket Association Stadium, Mohali",Kings XI Punjab,Rajasthan Royals,Rajasthan Royals,field,Kings XI Punjab,normal,SE Marsh
501221,2011,22-04-2011,Mumbai,Wankhede Stadium,Mumbai Indians,Chennai Super Kings,Chennai Super Kings,field,Mumbai Indians,normal,Harbhajan Singh
501222,2011,22-04-2011,Kolkata,Eden Gardens,Kolkata Knight Riders,Royal Challengers Bangalore,Royal Challengers Bangalore,field,Royal Challengers Bangalore,normal,CH Gayle
501223,2011,23-04-2011,Delhi,Feroz Shah Kotla,Delhi Daredevils,Kings XI Punjab,Kings XI Punjab,field,Delhi Daredevils,normal,DA Warner
501224,2011,24-04-2011,Hyderabad,"Rajiv Gandhi International Stadium, Uppal",Deccan Chargers,Mumbai Indians,Deccan Chargers,field,Mumbai Indians,normal,SL Malinga
501225,2011,24-04-2011,Jaipur,Sawai Mansingh Stadium,Rajasthan Royals,Kochi Tuskers Kerala,Rajasthan Royals,field,Rajasthan Royals,normal,SK Warne
501226,2011,25-04-2011,Chennai,"MA Chidambaram Stadium, Chepauk",Chennai Super Kings,Pune Warriors,Pune Warriors,field,Chennai Super Kings,normal,MEK Hussey
501227,2011,26-04-2011,Delhi,Feroz Shah Kotla,Delhi Daredevils,Royal Challengers Bangalore,Royal Challengers Bangalore,field,Royal Challengers Bangalore,normal,V Kohli
501228,2011,27-04-2011,Mumbai,Dr DY Patil Sports Academy,Pune Warriors,Chennai Super Kings,Pune Warriors,bat,Chennai Super Kings,normal,DE Bollinger
501229,2011,27-04-2011,Kochi,Nehru Stadium,Kochi Tuskers Kerala,Deccan Chargers,Kochi Tuskers Kerala,field,Deccan Chargers,normal,I Sharma
501230,2011,28-04-2011,Delhi,Feroz Shah Kotla,Delhi Daredevils,Kolkata Knight Riders,Delhi Daredevils,field,Kolkata Knight Riders,normal,MK Tiwary
501231,2011,29-04-2011,Jaipur,Sawai Mansingh Stadium,Rajasthan Royals,Mumbai Indians,Rajasthan Royals,field,Rajasthan Royals,normal,J Botha
501232,2011,29-04-2011,Bangalore,M Chinnaswamy Stadium,Royal Challengers Bangalore,Pune Warriors,Pune Warriors,field,Royal Challengers Bangalore,normal,V Kohli
501233,2011,30-04-2011,Kochi,Nehru Stadium,Kochi Tuskers Kerala,Delhi Daredevils,Delhi Daredevils,bat,Delhi Daredevils,normal,V Sehwag
501234,2011,30-04-2011,Kolkata,Eden Gardens,Kolkata Knight Riders,Kings XI Punjab,Kolkata Knight Riders,field,Kolkata Knight Riders,normal,Iqbal Abdulla
501235,2011,01-05-2011,Jaipur,Sawai Mansingh Stadium,Rajasthan Royals,Pune Warriors,Rajasthan Royals,field,Rajasthan Royals,normal,LRPL Taylor
501236,2011,01-05-2011,Chennai,"MA Chidambaram Stadium, Chepauk",Chennai Super Kings,Deccan Chargers,Chennai Super Kings,bat,Chennai Super Kings,normal,JA Morkel
501237,2011,02-05-2011,Mumbai,Wankhede Stadium,Mumbai Indians,Kings XI Punjab,Kings XI Punjab,field,Mumbai Indians,normal,KA Pollard
501238,2011,02-05-2011,Delhi,Feroz Shah Kotla,Delhi Daredevils,Kochi Tuskers Kerala,Kochi Tuskers Kerala,field,Kochi Tuskers Kerala,normal,P Parameswaran
501239,2011,03-05-2011,Hyderabad,"Rajiv Gandhi International Stadium, Uppal",Deccan Chargers,Kolkata Knight Riders,Deccan Chargers,field,Kolkata Knight Riders,normal,YK Pathan
501240,2011,04-05-2011,Chennai,"MA Chidambaram Stadium, Chepauk",Chennai Super Kings,Rajasthan Royals,Rajasthan Royals,bat,Chennai Super Kings,normal,MEK Hussey
501241,2011,04-05-2011,Mumbai,Dr DY Patil Sports Academy,Pune Warriors,Mumbai Indians,Pune Warriors,field,Mumbai Indians,normal,R Sharma
501242,2011,05-05-2011,Kochi,Nehru Stadium,Kochi Tuskers Kerala,Kolkata Knight Riders,Kolkata Knight Riders,field,Kochi Tuskers Kerala,normal,BJ Hodge
501243,2011,05-05-2011,Hyderabad,"Rajiv Gandhi International Stadium, Uppal",Deccan Chargers,Delhi Daredevils,Delhi Daredevils,field,Delhi Daredevils,normal,V Sehwag
501244,2011,06-05-2011,Bangalore,M Chinnaswamy Stadium,Royal Challengers Bangalore,Kings XI Punjab,Kings XI Punjab,field,Royal Challengers Bangalore,normal,CH Gayle
501245,2011,07-05-2011,Kolkata,Eden Gardens,Kolkata Knight Riders,Chennai Super Kings,Chennai Super Kings,bat,Kolkata Knight Riders,normal,Iqbal Abdulla
501246,2011,07-05-2011,Mumbai,Wankhede Stadium,Mumbai Indians,Delhi Daredevils,Delhi Daredevils,field,Mumbai Indians,normal,AT Rayudu
501247,2011,08-05-2011,Bangalore,M Chinnaswamy Stadium,Royal Challengers Bangalore,Kochi Tuskers Kerala,Kochi Tuskers Kerala,bat,Royal Challengers Bangalore,normal,CH Gayle
501248,2011,08-05-2011,Chandigarh,"Punjab Cricket Association Stadium, Mohali",Kings XI Punjab,Pune Warriors,Kings XI Punjab,bat,Pune Warriors,normal,R Sharma
501249,2011,09-05-2011,Jaipur,Sawai Mansingh Stadium,Rajasthan Royals,Chennai Super Kings,Rajasthan Royals,field,Chennai Super Kings,normal,M Vijay
501250,2011,10-05-2011,Hyderabad,"Rajiv Gandhi International Stadium, Uppal",Deccan Chargers,Pune Warriors,Deccan Chargers,bat,Pune Warriors,normal,MR Marsh
501251,2011,10-05-2011,Chandigarh,"Punjab Cricket Association Stadium, Mohali",Kings XI Punjab,Mumbai Indians,Mumbai Indians,field,Kings XI Punjab,normal,BA Bhatt
501252,2011,11-05-2011,Jaipur,Sawai Mansingh Stadium,Rajasthan Royals,Royal Challengers Bangalore,Royal Challengers Bangalore,field,Royal Challengers Bangalore,normal,S Aravind
501253,2011,12-05-2011,Chennai,"MA Chidambaram Stadium, Chepauk",Chennai Super Kings,Delhi Daredevils,Chennai Super Kings,bat,Chennai Super Kings,normal,MS Dhoni
501254,2011,13-05-2011,Indore,Holkar Cricket Stadium,Kochi Tuskers Kerala,Kings XI Punjab,Kings XI Punjab,field,Kings XI Punjab,normal,KD Karthik
501255,2011,14-05-2011,Bangalore,M Chinnaswamy Stadium,Royal Challengers Bangalore,Kolkata Knight Riders,Royal Challengers Bangalore,field,Royal Challengers Bangalore,normal,CH Gayle
501256,2011,14-05-2011,Mumbai,Wankhede Stadium,Mumbai Indians,Deccan Chargers,Deccan Chargers,bat,Deccan Chargers,normal,A Mishra
501257,2011,15-05-2011,Dharamsala,Himachal Pradesh Cricket Association Stadium,Kings XI Punjab,Delhi Daredevils,Delhi Daredevils,field,Kings XI Punjab,normal,PP Chawla
501258,2011,15-05-2011,Indore,Holkar Cricket Stadium,Kochi Tuskers Kerala,Rajasthan Royals,Kochi Tuskers Kerala,field,Kochi Tuskers Kerala,normal,BJ Hodge
501259,2011,16-05-2011,Mumbai,Dr DY Patil Sports Academy,Pune Warriors,Deccan Chargers,Deccan Chargers,field,Deccan Chargers,normal,A Mishra
501260,2011,17-05-2011,Dharamsala,Himachal Pradesh Cricket Association Stadium,Kings XI Punjab,Royal Challengers Bangalore,Kings XI Punjab,bat,Kings XI Punjab,normal,AC Gilchrist
501261,2011,18-05-2011,Chennai,"MA Chidambaram Stadium, Chepauk",Chennai Super Kings,Kochi Tuskers Kerala,Chennai Super Kings,bat,Chennai Super Kings,normal,WP Saha
501262,2011,19-05-2011,Mumbai,Dr DY Patil Sports Academy,Pune Warriors,Kolkata Knight Riders,Kolkata Knight Riders,field,Kolkata Knight Riders,normal,YK Pathan
501263,2011,20-05-2011,Mumbai,Wankhede Stadium,Mumbai Indians,Rajasthan Royals,Mumbai Indians,bat,Rajasthan Royals,normal,SR Watson
501264,2011,21-05-2011,Dharamsala,Himachal Pradesh Cricket Association Stadium,Kings XI Punjab,Deccan Chargers,Kings XI Punjab,field,Deccan Chargers,normal,S Dhawan
501265,2011,21-05-2011,Delhi,Feroz Shah Kotla,Delhi Daredevils,Pune Warriors,Delhi Daredevils,bat,,no result,
501266,2011,22-05-2011,Bangalore,M Chinnaswamy Stadium,Royal Challengers Bangalore,Chennai Super Kings,Royal Challengers Bangalore,field,Royal Challengers Bangalore,normal,CH Gayle
501267,2011,22-05-2011,Kolkata,Eden Gardens,Kolkata Knight Riders,Mumbai Indians,Mumbai Indians,field,Mumbai Indians,normal,JEC Franklin
501268,2011,24-05-2011,Mumbai,Wankhede Stadium,Royal Challengers Bangalore,Chennai Super Kings,Chennai Super Kings,field,Chennai Super Kings,normal,SK Raina
501269,2011,25-05-2011,Mumbai,Wankhede Stadium,Mumbai Indians,Kolkata Knight Riders,Mumbai Indians,field,Mumbai Indians,normal,MM Patel
501270,2011,27-05-2011,Chennai,"MA Chidambaram Stadium, Chepauk",Royal Challengers Bangalore,Mumbai Indians,Mumbai Indians,field,Royal Challengers Bangalore,normal,CH Gayle
501271,2011,28-05-2011,Chennai,"MA Chidambaram Stadium, Chepauk",Chennai Super Kings,Royal Challengers Bangalore,Chennai Super Kings,bat,Chennai Super Kings,normal,M Vijay
548306,2012,04-04-2012,Chennai,"MA Chidambaram Stadium, Chepauk",Chennai Super Kings,Mumbai Indians,Mumbai Indians,field,Mumbai Indians,normal,RE Levi
548307,2012,05-04-2012,Kolkata,Eden Gardens,Kolkata Knight Riders,Delhi Daredevils,Delhi Daredevils,field,Delhi Daredevils,normal,IK Pathan
548308,2012,06-04-2012,Mumbai,Wankhede Stadium,Mumbai Indians,Pune Warriors,Mumbai Indians,field,Pune Warriors,normal,SPD Smith
548309,2012,06-04-2012,Jaipur,Sawai Mansingh Stadium,Rajasthan Royals,Kings XI Punjab,Kings XI Punjab,field,Rajasthan Royals,normal,AM Rahane
548310,2012,07-04-2012,Bangalore,M Chinnaswamy Stadium,Royal Challengers Bangalore,Delhi Daredevils,Delhi Daredevils,field,Royal Challengers Bangalore,normal,AB de Villiers
548311,2012,07-04-2012,Visakhapatnam,Dr. Y.S. Rajasekhara Reddy ACA-VDCA Cricket Stadium,Deccan Chargers,Chennai Super Kings,Deccan Chargers,field,Chennai Super Kings,normal,RA Jadeja
548312,2012,08-04-2012,Jaipur,Sawai Mansingh Stadium,Rajasthan Royals,Kolkata Knight Riders,Kolkata Knight Riders,field,Rajasthan Royals,normal,BJ Hodge
548313,2012,08-04-2012,Pune,Subrata Roy Sahara Stadium,Pune Warriors,Kings XI Punjab,Pune Warriors,bat,Pune Warriors,normal,MN Samuels
548314,2012,09-04-2012,Visakhapatnam,Dr. Y.S. Rajasekhara Reddy ACA-VDCA Cricket Stadium,Deccan Chargers,Mumbai Indians,Deccan Chargers,bat,Mumbai Indians,normal,RG Sharma
548315,2012,10-04-2012,Bangalore,M Chinnaswamy Stadium,Royal Challengers Bangalore,Kolkata Knight Riders,Royal Challengers Bangalore,field,Kolkata Knight Riders,normal,L Balaji
548316,2012,10-04-2012,Delhi,Feroz Shah Kotla,Delhi Daredevils,Chennai Super Kings,Delhi Daredevils,field,Delhi Daredevils,normal,M Morkel
548317,2012,11-04-2012,Mumbai,Wankhede Stadium,Mumbai Indians,Rajasthan Royals,Rajasthan Royals,field,Mumbai Indians,normal,KA Pollard
548318,2012,12-04-2012,Chennai,"MA Chidambaram Stadium, Chepauk",Chennai Super Kings,Royal Challengers Bangalore,Royal Challengers Bangalore,bat,Chennai Super Kings,normal,F du Plessis
548319,2012,12-04-2012,Chandigarh,"Punjab Cricket Association Stadium, Mohali",Kings XI Punjab,Pune Warriors,Kings XI Punjab,field,Kings XI Punjab,normal,AD Mascarenhas
548320,2012,13-04-2012,Kolkata,Eden Gardens,Kolkata Knight Riders,Rajasthan Royals,Rajasthan Royals,bat,Kolkata Knight Riders,normal,Shakib Al Hasan
548321,2012,19-04-2012,Delhi,Feroz Shah Kotla,Delhi Daredevils,Deccan Chargers,Deccan Chargers,bat,Delhi Daredevils,normal,KP Pietersen
548322,2012,14-04-2012,Pune,Subrata Roy Sahara Stadium,Pune Warriors,Chennai Super Kings,Chennai Super Kings,bat,Pune Warriors,normal,JD Ryder
548323,2012,15-04-2012,Kolkata,Eden Gardens,Kolkata Knight Riders,Kings XI Punjab,Kolkata Knight Riders,field,Kings XI Punjab,normal,SP Narine
548324,2012,15-04-2012,Bangalore,M Chinnaswamy Stadium,Royal Challengers Bangalore,Rajasthan Royals,Rajasthan Royals,bat,Rajasthan Royals,normal,AM Rahane
548325,2012,16-04-2012,Mumbai,Wankhede Stadium,Mumbai Indians,Delhi Daredevils,Delhi Daredevils,field,Delhi Daredevils,normal,S Nadeem
548326,2012,17-04-2012,Jaipur,Sawai Mansingh Stadium,Rajasthan Royals,Deccan Chargers,Deccan Chargers,bat,Rajasthan Royals,normal,BJ Hodge
548327,2012,17-04-2012,Bangalore,M Chinnaswamy Stadium,Royal Challengers Bangalore,Pune Warriors,Pune Warriors,bat,Royal Challengers Bangalore,normal,CH Gayle
548328,2012,18-04-2012,Chandigarh,"Punjab Cricket Association Stadium, Mohali",Kings XI Punjab,Kolkata Knight Riders,Kings XI Punjab,bat,Kolkata Knight Riders,normal,G Gambhir
548329,2012,10-05-2012,Hyderabad,"Rajiv Gandhi International Stadium, Uppal",Deccan Chargers,Delhi Daredevils,Deccan Chargers,bat,Delhi Daredevils,normal,DA Warner
548330,2012,19-04-2012,Chennai,"MA Chidambaram Stadium, Chepauk",Chennai Super Kings,Pune Warriors,Pune Warriors,field,Chennai Super Kings,normal,KMDN Kulasekara
548331,2012,20-04-2012,Chandigarh,"Punjab Cricket Association Stadium, Mohali",Kings XI Punjab,Royal Challengers Bangalore,Royal Challengers Bangalore,field,Royal Challengers Bangalore,normal,CH Gayle
548332,2012,21-04-2012,Chennai,"MA Chidambaram Stadium, Chepauk",Chennai Super Kings,Rajasthan Royals,Rajasthan Royals,bat,Chennai Super Kings,normal,F du Plessis
548333,2012,21-04-2012,Delhi,Feroz Shah Kotla,Delhi Daredevils,Pune Warriors,Delhi Daredevils,field,Pune Warriors,normal,SC Ganguly
548334,2012,22-04-2012,Mumbai,Wankhede Stadium,Mumbai Indians,Kings XI Punjab,Mumbai Indians,bat,Kings XI Punjab,normal,SE Marsh
548335,2012,22-04-2012,Cuttack,Barabati Stadium,Deccan Chargers,Kolkata Knight Riders,Kolkata Knight Riders,field,Kolkata Knight Riders,normal,B Lee
548336,2012,23-04-2012,Jaipur,Sawai Mansingh Stadium,Rajasthan Royals,Royal Challengers Bangalore,Rajasthan Royals,field,Royal Challengers Bangalore,normal,AB de Villiers
548337,2012,24-04-2012,Pune,Subrata Roy Sahara Stadium,Pune Warriors,Delhi Daredevils,Pune Warriors,bat,Delhi Daredevils,normal,V Sehwag
548339,2012,25-04-2012,Chandigarh,"Punjab Cricket Association Stadium, Mohali",Kings XI Punjab,Mumbai Indians,Kings XI Punjab,bat,Mumbai Indians,normal,AT Rayudu
548341,2012,26-04-2012,Pune,Subrata Roy Sahara Stadium,Pune Warriors,Deccan Chargers,Deccan Chargers,bat,Deccan Chargers,normal,CL White
548342,2012,27-04-2012,Delhi,Feroz Shah Kotla,Delhi Daredevils,Mumbai Indians,Mumbai Indians,field,Delhi Daredevils,normal,V Sehwag
548343,2012,28-04-2012,Chennai,"MA Chidambaram Stadium, Chepauk",Chennai Super Kings,Kings XI Punjab,Kings XI Punjab,bat,Kings XI Punjab,normal,Mandeep Singh
548344,2012,28-04-2012,Kolkata,Eden Gardens,Kolkata Knight Riders,Royal Challengers Bangalore,Kolkata Knight Riders,bat,Kolkata Knight Riders,normal,G Gambhir
548345,2012,29-04-2012,Delhi,Feroz Shah Kotla,Delhi Daredevils,Rajasthan Royals,Delhi Daredevils,bat,Delhi Daredevils,normal,V Sehwag
548346,2012,29-04-2012,Mumbai,Wankhede Stadium,Mumbai Indians,Deccan Chargers,Mumbai Indians,field,Mumbai Indians,normal,DW Steyn
548347,2012,30-04-2012,Chennai,"MA Chidambaram Stadium, Chepauk",Chennai Super Kings,Kolkata Knight Riders,Chennai Super Kings,bat,Kolkata Knight Riders,normal,G Gambhir
548348,2012,01-05-2012,Cuttack,Barabati Stadium,Deccan Chargers,Pune Warriors,Deccan Chargers,bat,Deccan Chargers,normal,KC Sangakkara
548349,2012,01-05-2012,Jaipur,Sawai Mansingh Stadium,Rajasthan Royals,Delhi Daredevils,Rajasthan Royals,bat,Delhi Daredevils,normal,P Negi
548350,2012,02-05-2012,Bangalore,M Chinnaswamy Stadium,Royal Challengers Bangalore,Kings XI Punjab,Kings XI Punjab,field,Kings XI Punjab,normal,Azhar Mahmood
548351,2012,03-05-2012,Pune,Subrata Roy Sahara Stadium,Pune Warriors,Mumbai Indians,Mumbai Indians,bat,Mumbai Indians,normal,SL Malinga
548352,2012,04-05-2012,Chennai,"MA Chidambaram Stadium, Chepauk",Chennai Super Kings,Deccan Chargers,Chennai Super Kings,bat,Chennai Super Kings,normal,SK Raina
548353,2012,05-05-2012,Kolkata,Eden Gardens,Kolkata Knight Riders,Pune Warriors,Kolkata Knight Riders,bat,Kolkata Knight Riders,normal,SP Narine
548354,2012,05-05-2012,Chandigarh,"Punjab Cricket Association Stadium, Mohali",Kings XI Punjab,Rajasthan Royals,Rajasthan Royals,bat,Rajasthan Royals,normal,SR Watson
548355,2012,06-05-2012,Mumbai,Wankhede Stadium,Mumbai Indians,Chennai Super Kings,Mumbai Indians,field,Mumbai Indians,normal,DR Smith
548356,2012,06-05-2012,Bangalore,M Chinnaswamy Stadium,Royal Challengers Bangalore,Deccan Chargers,Royal Challengers Bangalore,field,Royal Challengers Bangalore,normal,AB de Villiers
548357,2012,07-05-2012,Delhi,Feroz Shah Kotla,Delhi Daredevils,Kolkata Knight Riders,Delhi Daredevils,bat,Kolkata Knight Riders,normal,JH Kallis
548358,2012,08-05-2012,Pune,Subrata Roy Sahara Stadium,Pune Warriors,Rajasthan Royals,Pune Warriors,bat,Rajasthan Royals,normal,SR Watson
548359,2012,08-05-2012,Hyderabad,"Rajiv Gandhi International Stadium, Uppal",Deccan Chargers,Kings XI Punjab,Deccan Chargers,field,Kings XI Punjab,normal,Mandeep Singh
548360,2012,09-05-2012,Mumbai,Wankhede Stadium,Mumbai Indians,Royal Challengers Bangalore,Royal Challengers Bangalore,field,Royal Challengers Bangalore,normal,CH Gayle
548361,2012,10-05-2012,Jaipur,Sawai Mansingh Stadium,Rajasthan Royals,Chennai Super Kings,Chennai Super Kings,field,Chennai Super Kings,normal,BW Hilfenhaus
548362,2012,11-05-2012,Pune,Subrata Roy Sahara Stadium,Pune Warriors,Royal Challengers Bangalore,Pune Warriors,field,Royal Challengers Bangalore,normal,CH Gayle
548363,2012,12-05-2012,Kolkata,Eden Gardens,Kolkata Knight Riders,Mumbai Indians,Mumbai Indians,bat,Mumbai Indians,normal,RG Sharma
548364,2012,12-05-2012,Chennai,"MA Chidambaram Stadium, Chepauk",Chennai Super Kings,Delhi Daredevils,Chennai Super Kings,field,Chennai Super Kings,normal,BW Hilfenhaus
548365,2012,13-05-2012,Jaipur,Sawai Mansingh Stadium,Rajasthan Royals,Pune Warriors,Rajasthan Royals,bat,Rajasthan Royals,normal,A Chandila
548366,2012,13-05-2012,Chandigarh,"Punjab Cricket Association Stadium, Mohali",Kings XI Punjab,Deccan Chargers,Deccan Chargers,bat,Kings XI Punjab,normal,DJ Hussey
548367,2012,14-05-2012,Bangalore,M Chinnaswamy Stadium,Royal Challengers Bangalore,Mumbai Indians,Mumbai Indians,field,Mumbai Indians,normal,AT Rayudu
548368,2012,14-05-2012,Kolkata,Eden Gardens,Kolkata Knight Riders,Chennai Super Kings,Chennai Super Kings,field,Chennai Super Kings,normal,MEK Hussey
548369,2012,15-05-2012,Delhi,Feroz Shah Kotla,Delhi Daredevils,Kings XI Punjab,Kings XI Punjab,bat,Delhi Daredevils,normal,UT Yadav
548370,2012,16-05-2012,Mumbai,Wankhede Stadium,Mumbai Indians,Kolkata Knight Riders,Mumbai Indians,field,Kolkata Knight Riders,normal,SP Narine
548371,2012,17-05-2012,Dharamsala,Himachal Pradesh Cricket Association Stadium,Kings XI Punjab,Chennai Super Kings,Kings XI Punjab,field,Kings XI Punjab,normal,AC Gilchrist
548372,2012,17-05-2012,Delhi,Feroz Shah Kotla,Delhi Daredevils,Royal Challengers Bangalore,Delhi Daredevils,field,Royal Challengers Bangalore,normal,CH Gayle
548373,2012,18-05-2012,Hyderabad,"Rajiv Gandhi International Stadium, Uppal",Deccan Chargers,Rajasthan Royals,Rajasthan Royals,bat,Deccan Chargers,normal,DW Steyn
548374,2012,19-05-2012,Dharamsala,Himachal Pradesh Cricket Association Stadium,Kings XI Punjab,Delhi Daredevils,Delhi Daredevils,field,Delhi Daredevils,normal,UT Yadav
548375,2012,19-05-2012,Pune,Subrata Roy Sahara Stadium,Pune Warriors,Kolkata Knight Riders,Kolkata Knight Riders,bat,Kolkata Knight Riders,normal,Shakib Al Hasan
548376,2012,20-05-2012,Hyderabad,"Rajiv Gandhi International Stadium, Uppal",Deccan Chargers,Royal Challengers Bangalore,Royal Challengers Bangalore,field,Deccan Chargers,normal,DW Steyn
548377,2012,20-05-2012,Jaipur,Sawai Mansingh Stadium,Rajasthan Royals,Mumbai Indians,Rajasthan Royals,bat,Mumbai Indians,normal,DR Smith
548378,2012,22-05-2012,Pune,Subrata Roy Sahara Stadium,Delhi Daredevils,Kolkata Knight Riders,Kolkata Knight Riders,bat,Kolkata Knight Riders,normal,YK Pathan
548379,2012,23-05-2012,Bangalore,M Chinnaswamy Stadium,Chennai Super Kings,Mumbai Indians,Mumbai Indians,field,Chennai Super Kings,normal,MS Dhoni
548380,2012,25-05-2012,Chennai,"MA Chidambaram Stadium, Chepauk",Delhi Daredevils,Chennai Super Kings,Delhi Daredevils,field,Chennai Super Kings,normal,M Vijay
548381,2012,27-05-2012,Chennai,"MA Chidambaram Stadium, Chepauk",Kolkata Knight Riders,Chennai Super Kings,Chennai Super Kings,bat,Kolkata Knight Riders,normal,MS Bisla
597998,2013,03-04-2013,Kolkata,Eden Gardens,Kolkata Knight Riders,Delhi Daredevils,Kolkata Knight Riders,field,Kolkata Knight Riders,normal,SP Narine
597999,2013,04-04-2013,Bangalore,M Chinnaswamy Stadium,Royal Challengers Bangalore,Mumbai Indians,Mumbai Indians,field,Royal Challengers Bangalore,normal,CH Gayle
598000,2013,05-04-2013,Hyderabad,"Rajiv Gandhi International Stadium, Uppal",Sunrisers Hyderabad,Pune Warriors,Pune Warriors,field,Sunrisers Hyderabad,normal,A Mishra
598001,2013,06-04-2013,Delhi,Feroz Shah Kotla,Delhi Daredevils,Rajasthan Royals,Rajasthan Royals,bat,Rajasthan Royals,normal,R Dravid
598002,2013,06-04-2013,Chennai,"MA Chidambaram Stadium, Chepauk",Chennai Super Kings,Mumbai Indians,Mumbai Indians,bat,Mumbai Indians,normal,KA Pollard
598003,2013,07-04-2013,Pune,Subrata Roy Sahara Stadium,Pune Warriors,Kings XI Punjab,Pune Warriors,bat,Kings XI Punjab,normal,M Vohra
598004,2013,07-04-2013,Hyderabad,"Rajiv Gandhi International Stadium, Uppal",Sunrisers Hyderabad,Royal Challengers Bangalore,Royal Challengers Bangalore,bat,,tie,GH Vihari
598005,2013,08-04-2013,Jaipur,Sawai Mansingh Stadium,Rajasthan Royals,Kolkata Knight Riders,Kolkata Knight Riders,field,Rajasthan Royals,normal,SK Trivedi
598006,2013,09-04-2013,Mumbai,Wankhede Stadium,Mumbai Indians,Delhi Daredevils,Mumbai Indians,bat,Mumbai Indians,normal,KD Karthik
598007,2013,10-04-2013,Chandigarh,"Punjab Cricket Association Stadium, Mohali",Kings XI Punjab,Chennai Super Kings,Chennai Super Kings,field,Chennai Super Kings,normal,MEK Hussey
598008,2013,11-04-2013,Bangalore,M Chinnaswamy Stadium,Royal Challengers Bangalore,Kolkata Knight Riders,Royal Challengers Bangalore,field,Royal Challengers Bangalore,normal,CH Gayle
598009,2013,11-04-2013,Pune,Subrata Roy Sahara Stadium,Pune Warriors,Rajasthan Royals,Rajasthan Royals,bat,Pune Warriors,normal,AJ Finch
598010,2013,12-04-2013,Delhi,Feroz Shah Kotla,Delhi Daredevils,Sunrisers Hyderabad,Delhi Daredevils,bat,Sunrisers Hyderabad,normal,A Mishra
598011,2013,13-04-2013,Mumbai,Wankhede Stadium,Mumbai Indians,Pune Warriors,Mumbai Indians,bat,Mumbai Indians,normal,RG Sharma
598012,2013,13-04-2013,Chennai,"MA Chidambaram Stadium, Chepauk",Chennai Super Kings,Royal Challengers Bangalore,Chennai Super Kings,field,Chennai Super Kings,normal,RA Jadeja
598013,2013,14-04-2013,Kolkata,Eden Gardens,Kolkata Knight Riders,Sunrisers Hyderabad,Kolkata Knight Riders,bat,Kolkata Knight Riders,normal,G Gambhir
598014,2013,14-04-2013,Jaipur,Sawai Mansingh Stadium,Rajasthan Royals,Kings XI Punjab,Rajasthan Royals,field,Rajasthan Royals,normal,JP Faulkner
598015,2013,15-04-2013,Chennai,"MA Chidambaram Stadium, Chepauk",Chennai Super Kings,Pune Warriors,Pune Warriors,bat,Pune Warriors,normal,SPD Smith
598016,2013,16-04-2013,Chandigarh,"Punjab Cricket Association Stadium, Mohali",Kings XI Punjab,Kolkata Knight Riders,Kolkata Knight Riders,field,Kings XI Punjab,normal,MS Gony
598017,2013,16-04-2013,Bangalore,M Chinnaswamy Stadium,Royal Challengers Bangalore,Delhi Daredevils,Royal Challengers Bangalore,field,,tie,V Kohli
598018,2013,17-04-2013,Pune,Maharashtra Cricket Association Stadium,Pune Warriors,Sunrisers Hyderabad,Pune Warriors,field,Sunrisers Hyderabad,normal,A Mishra
598019,2013,17-04-2013,Jaipur,Sawai Mansingh Stadium,Rajasthan Royals,Mumbai Indians,Rajasthan Royals,bat,Rajasthan Royals,normal,AM Rahane
598020,2013,18-04-2013,Delhi,Feroz Shah Kotla,Delhi Daredevils,Chennai Super Kings,Chennai Super Kings,bat,Chennai Super Kings,normal,MEK Hussey
598021,2013,19-04-2013,Hyderabad,"Rajiv Gandhi International Stadium, Uppal",Sunrisers Hyderabad,Kings XI Punjab,Kings XI Punjab,bat,Sunrisers Hyderabad,normal,GH Vihari
598022,2013,20-04-2013,Kolkata,Eden Gardens,Kolkata Knight Riders,Chennai Super Kings,Kolkata Knight Riders,bat,Chennai Super Kings,normal,RA Jadeja
598023,2013,20-04-2013,Bangalore,M Chinnaswamy Stadium,Royal Challengers Bangalore,Rajasthan Royals,Royal Challengers Bangalore,field,Royal Challengers Bangalore,normal,R Vinay Kumar
598024,2013,21-04-2013,Delhi,Feroz Shah Kotla,Delhi Daredevils,Mumbai Indians,Mumbai Indians,bat,Delhi Daredevils,normal,V Sehwag
598025,2013,21-04-2013,Chandigarh,"Punjab Cricket Association Stadium, Mohali",Kings XI Punjab,Pune Warriors,Kings XI Punjab,field,Kings XI Punjab,normal,DA Miller
598026,2013,22-04-2013,Chennai,"MA Chidambaram Stadium, Chepauk",Chennai Super Kings,Rajasthan Royals,Rajasthan Royals,bat,Chennai Super Kings,normal,MEK Hussey
598027,2013,23-04-2013,Bangalore,M Chinnaswamy Stadium,Royal Challengers Bangalore,Pune Warriors,Pune Warriors,field,Royal Challengers Bangalore,normal,CH Gayle
598028,2013,16-05-2013,Dharamsala,Himachal Pradesh Cricket Association Stadium,Kings XI Punjab,Delhi Daredevils,Delhi Daredevils,field,Kings XI Punjab,normal,DA Miller
598029,2013,24-04-2013,Kolkata,Eden Gardens,Kolkata Knight Riders,Mumbai Indians,Kolkata Knight Riders,bat,Mumbai Indians,normal,DR Smith
598030,2013,25-04-2013,Chennai,"MA Chidambaram Stadium, Chepauk",Chennai Super Kings,Sunrisers Hyderabad,Sunrisers Hyderabad,bat,Chennai Super Kings,normal,MS Dhoni
598031,2013,26-04-2013,Kolkata,Eden Gardens,Kolkata Knight Riders,Kings XI Punjab,Kings XI Punjab,bat,Kolkata Knight Riders,normal,JH Kallis
598032,2013,27-04-2013,Jaipur,Sawai Mansingh Stadium,Rajasthan Royals,Sunrisers Hyderabad,Sunrisers Hyderabad,bat,Rajasthan Royals,normal,JP Faulkner
598033,2013,27-04-2013,Mumbai,Wankhede Stadium,Mumbai Indians,Royal Challengers Bangalore,Mumbai Indians,bat,Mumbai Indians,normal,DR Smith
598034,2013,28-04-2013,Chennai,"MA Chidambaram Stadium, Chepauk",Chennai Super Kings,Kolkata Knight Riders,Kolkata Knight Riders,field,Chennai Super Kings,normal,MEK Hussey
598035,2013,28-04-2013,Raipur,Shaheed Veer Narayan Singh International Stadium,Delhi Daredevils,Pune Warriors,Pune Warriors,field,Delhi Daredevils,normal,DA Warner
598036,2013,29-04-2013,Jaipur,Sawai Mansingh Stadium,Rajasthan Royals,Royal Challengers Bangalore,Rajasthan Royals,field,Rajasthan Royals,normal,SV Samson
598037,2013,29-04-2013,Mumbai,Wankhede Stadium,Mumbai Indians,Kings XI Punjab,Mumbai Indians,bat,Mumbai Indians,normal,RG Sharma
598038,2013,30-04-2013,Pune,Subrata Roy Sahara Stadium,Pune Warriors,Chennai Super Kings,Chennai Super Kings,bat,Chennai Super Kings,normal,MS Dhoni
598039,2013,01-05-2013,Hyderabad,"Rajiv Gandhi International Stadium, Uppal",Sunrisers Hyderabad,Mumbai Indians,Mumbai Indians,bat,Sunrisers Hyderabad,normal,I Sharma
598040,2013,01-05-2013,Raipur,Shaheed Veer Narayan Singh International Stadium,Delhi Daredevils,Kolkata Knight Riders,Kolkata Knight Riders,bat,Delhi Daredevils,normal,DA Warner
598041,2013,02-05-2013,Chennai,"MA Chidambaram Stadium, Chepauk",Chennai Super Kings,Kings XI Punjab,Chennai Super Kings,bat,Chennai Super Kings,normal,SK Raina
598042,2013,02-05-2013,Pune,Subrata Roy Sahara Stadium,Pune Warriors,Royal Challengers Bangalore,Royal Challengers Bangalore,bat,Royal Challengers Bangalore,normal,AB de Villiers
598043,2013,03-05-2013,Kolkata,Eden Gardens,Kolkata Knight Riders,Rajasthan Royals,Rajasthan Royals,bat,Kolkata Knight Riders,normal,YK Pathan
598044,2013,04-05-2013,Hyderabad,"Rajiv Gandhi International Stadium, Uppal",Sunrisers Hyderabad,Delhi Daredevils,Delhi Daredevils,bat,Sunrisers Hyderabad,normal,DJG Sammy
598045,2013,14-05-2013,Bangalore,M Chinnaswamy Stadium,Royal Challengers Bangalore,Kings XI Punjab,Kings XI Punjab,field,Kings XI Punjab,normal,AC Gilchrist
598046,2013,05-05-2013,Mumbai,Wankhede Stadium,Mumbai Indians,Chennai Super Kings,Mumbai Indians,bat,Mumbai Indians,normal,MG Johnson
598047,2013,05-05-2013,Jaipur,Sawai Mansingh Stadium,Rajasthan Royals,Pune Warriors,Pune Warriors,bat,Rajasthan Royals,normal,AM Rahane
598048,2013,09-04-2013,Bangalore,M Chinnaswamy Stadium,Royal Challengers Bangalore,Sunrisers Hyderabad,Sunrisers Hyderabad,bat,Royal Challengers Bangalore,normal,V Kohli
598049,2013,07-05-2013,Jaipur,Sawai Mansingh Stadium,Rajasthan Royals,Delhi Daredevils,Delhi Daredevils,bat,Rajasthan Royals,normal,AM Rahane
598050,2013,07-05-2013,Mumbai,Wankhede Stadium,Mumbai Indians,Kolkata Knight Riders,Mumbai Indians,bat,Mumbai Indians,normal,SR Tendulkar
598051,2013,08-05-2013,Hyderabad,"Rajiv Gandhi International Stadium, Uppal",Sunrisers Hyderabad,Chennai Super Kings,Sunrisers Hyderabad,field,Chennai Super Kings,normal,SK Raina
598052,2013,09-05-2013,Chandigarh,"Punjab Cricket Association Stadium, Mohali",Kings XI Punjab,Rajasthan Royals,Rajasthan Royals,field,Rajasthan Royals,normal,KK Cooper
598053,2013,09-05-2013,Pune,Subrata Roy Sahara Stadium,Pune Warriors,Kolkata Knight Riders,Kolkata Knight Riders,bat,Kolkata Knight Riders,normal,G Gambhir
598054,2013,10-05-2013,Delhi,Feroz Shah Kotla,Delhi Daredevils,Royal Challengers Bangalore,Delhi Daredevils,field,Royal Challengers Bangalore,normal,JD Unadkat
598055,2013,11-05-2013,Pune,Subrata Roy Sahara Stadium,Pune Warriors,Mumbai Indians,Pune Warriors,bat,Mumbai Indians,normal,MG Johnson
598056,2013,11-05-2013,Chandigarh,"Punjab Cricket Association Stadium, Mohali",Kings XI Punjab,Sunrisers Hyderabad,Kings XI Punjab,field,Sunrisers Hyderabad,normal,PA Patel
598057,2013,12-05-2013,Ranchi,JSCA International Stadium Complex,Kolkata Knight Riders,Royal Challengers Bangalore,Kolkata Knight Riders,field,Kolkata Knight Riders,normal,JH Kallis
598058,2013,12-05-2013,Jaipur,Sawai Mansingh Stadium,Rajasthan Royals,Chennai Super Kings,Rajasthan Royals,field,Rajasthan Royals,normal,SR Watson
598059,2013,23-04-2013,Delhi,Feroz Shah Kotla,Delhi Daredevils,Kings XI Punjab,Kings XI Punjab,field,Kings XI Punjab,normal,Harmeet Singh
598060,2013,13-05-2013,Mumbai,Wankhede Stadium,Mumbai Indians,Sunrisers Hyderabad,Sunrisers Hyderabad,bat,Mumbai Indians,normal,KA Pollard
598061,2013,15-05-2013,Ranchi,JSCA International Stadium Complex,Kolkata Knight Riders,Pune Warriors,Kolkata Knight Riders,field,Pune Warriors,normal,MK Pandey
598062,2013,14-05-2013,Chennai,"MA Chidambaram Stadium, Chepauk",Chennai Super Kings,Delhi Daredevils,Chennai Super Kings,bat,Chennai Super Kings,normal,MS Dhoni
598063,2013,15-05-2013,Mumbai,Wankhede Stadium,Mumbai Indians,Rajasthan Royals,Rajasthan Royals,field,Mumbai Indians,normal,AP Tare
598064,2013,06-05-2013,Chandigarh,"Punjab Cricket Association Stadium, Mohali",Kings XI Punjab,Royal Challengers Bangalore,Kings XI Punjab,field,Kings XI Punjab,normal,DA Miller
598065,2013,17-05-2013,Hyderabad,"Rajiv Gandhi International Stadium, Uppal",Sunrisers Hyderabad,Rajasthan Royals,Sunrisers Hyderabad,bat,Sunrisers Hyderabad,normal,A Mishra
598066,2013,18-05-2013,Dharamsala,Himachal Pradesh Cricket Association Stadium,Kings XI Punjab,Mumbai Indians,Mumbai Indians,field,Kings XI Punjab,normal,Azhar Mahmood
598067,2013,19-05-2013,Pune,Subrata Roy Sahara Stadium,Pune Warriors,Delhi Daredevils,Pune Warriors,bat,Pune Warriors,normal,LJ Wright
598068,2013,18-05-2013,Bangalore,M Chinnaswamy Stadium,Royal Challengers Bangalore,Chennai Super Kings,Chennai Super Kings,field,Royal Challengers Bangalore,normal,V Kohli
598069,2013,19-05-2013,Hyderabad,"Rajiv Gandhi International Stadium, Uppal",Sunrisers Hyderabad,Kolkata Knight Riders,Kolkata Knight Riders,bat,Sunrisers Hyderabad,normal,PA Patel
598070,2013,21-05-2013,Delhi,Feroz Shah Kotla,Chennai Super Kings,Mumbai Indians,Chennai Super Kings,bat,Chennai Super Kings,normal,MEK Hussey
598071,2013,22-05-2013,Delhi,Feroz Shah Kotla,Rajasthan Royals,Sunrisers Hyderabad,Sunrisers Hyderabad,bat,Rajasthan Royals,normal,BJ Hodge
598072,2013,24-05-2013,Kolkata,Eden Gardens,Mumbai Indians,Rajasthan Royals,Rajasthan Royals,bat,Mumbai Indians,normal,Harbhajan Singh
598073,2013,26-05-2013,Kolkata,Eden Gardens,Chennai Super Kings,Mumbai Indians,Mumbai Indians,bat,Mumbai Indians,normal,KA Pollard
729279,2014,16-04-2014,Abu Dhabi,Sheikh Zayed Stadium,Mumbai Indians,Kolkata Knight Riders,Kolkata Knight Riders,bat,Kolkata Knight Riders,normal,JH Kallis
729281,2014,17-04-2014,,Sharjah Cricket Stadium,Delhi Daredevils,Royal Challengers Bangalore,Royal Challengers Bangalore,field,Royal Challengers Bangalore,normal,YS Chahal
729283,2014,18-04-2014,Abu Dhabi,Sheikh Zayed Stadium,Chennai Super Kings,Kings XI Punjab,Chennai Super Kings,bat,Kings XI Punjab,normal,GJ Maxwell
729285,2014,18-04-2014,Abu Dhabi,Sheikh Zayed Stadium,Sunrisers Hyderabad,Rajasthan Royals,Rajasthan Royals,field,Rajasthan Royals,normal,AM Rahane
729287,2014,19-04-2014,,Dubai International Cricket Stadium,Royal Challengers Bangalore,Mumbai Indians,Royal Challengers Bangalore,field,Royal Challengers Bangalore,normal,PA Patel
729289,2014,19-04-2014,,Dubai International Cricket Stadium,Kolkata Knight Riders,Delhi Daredevils,Kolkata Knight Riders,bat,Delhi Daredevils,normal,JP Duminy
729291,2014,20-04-2014,,Sharjah Cricket Stadium,Rajasthan Royals,Kings XI Punjab,Kings XI Punjab,field,Kings XI Punjab,normal,GJ Maxwell
729293,2014,21-04-2014,Abu Dhabi,Sheikh Zayed Stadium,Chennai Super Kings,Delhi Daredevils,Chennai Super Kings,bat,Chennai Super Kings,normal,SK Raina
729295,2014,22-04-2014,,Sharjah Cricket Stadium,Kings XI Punjab,Sunrisers Hyderabad,Sunrisers Hyderabad,field,Kings XI Punjab,normal,GJ Maxwell
729297,2014,23-04-2014,,Dubai International Cricket Stadium,Rajasthan Royals,Chennai Super Kings,Rajasthan Royals,field,Chennai Super Kings,normal,RA Jadeja
729299,2014,24-04-2014,,Sharjah Cricket Stadium,Royal Challengers Bangalore,Kolkata Knight Riders,Royal Challengers Bangalore,field,Kolkata Knight Riders,normal,CA Lynn
729301,2014,25-04-2014,,Dubai International Cricket Stadium,Sunrisers Hyderabad,Delhi Daredevils,Sunrisers Hyderabad,bat,Sunrisers Hyderabad,normal,AJ Finch
729303,2014,25-04-2014,,Dubai International Cricket Stadium,Chennai Super Kings,Mumbai Indians,Mumbai Indians,bat,Chennai Super Kings,normal,MM Sharma
729305,2014,26-04-2014,Abu Dhabi,Sheikh Zayed Stadium,Rajasthan Royals,Royal Challengers Bangalore,Rajasthan Royals,field,Rajasthan Royals,normal,PV Tambe
729307,2014,26-04-2014,Abu Dhabi,Sheikh Zayed Stadium,Kolkata Knight Riders,Kings XI Punjab,Kolkata Knight Riders,field,Kings XI Punjab,normal,Sandeep Sharma
729309,2014,27-04-2014,,Sharjah Cricket Stadium,Delhi Daredevils,Mumbai Indians,Mumbai Indians,bat,Delhi Daredevils,normal,M Vijay
729311,2014,27-04-2014,,Sharjah Cricket Stadium,Sunrisers Hyderabad,Chennai Super Kings,Sunrisers Hyderabad,bat,Chennai Super Kings,normal,DR Smith
729313,2014,28-04-2014,,Dubai International Cricket Stadium,Kings XI Punjab,Royal Challengers Bangalore,Kings XI Punjab,field,Kings XI Punjab,normal,Sandeep Sharma
729315,2014,29-04-2014,Abu Dhabi,Sheikh Zayed Stadium,Kolkata Knight Riders,Rajasthan Royals,Rajasthan Royals,bat,,tie,JP Faulkner
729317,2014,30-04-2014,,Dubai International Cricket Stadium,Mumbai Indians,Sunrisers Hyderabad,Mumbai Indians,field,Sunrisers Hyderabad,normal,B Kumar
733971,2014,02-05-2014,Ranchi,JSCA International Stadium Complex,Chennai Super Kings,Kolkata Knight Riders,Chennai Super Kings,bat,Chennai Super Kings,normal,RA Jadeja
733973,2014,03-05-2014,Mumbai,Wankhede Stadium,Mumbai Indians,Kings XI Punjab,Kings XI Punjab,bat,Mumbai Indians,normal,CJ Anderson
733975,2014,03-05-2014,Delhi,Feroz Shah Kotla,Delhi Daredevils,Rajasthan Royals,Rajasthan Royals,field,Rajasthan Royals,normal,KK Nair
733977,2014,04-05-2014,Bangalore,M Chinnaswamy Stadium,Royal Challengers Bangalore,Sunrisers Hyderabad,Royal Challengers Bangalore,field,Royal Challengers Bangalore,normal,AB de Villiers
733979,2014,05-05-2014,Ahmedabad,"Sardar Patel Stadium, Motera",Rajasthan Royals,Kolkata Knight Riders,Kolkata Knight Riders,field,Rajasthan Royals,normal,PV Tambe
733981,2014,05-05-2014,Delhi,Feroz Shah Kotla,Delhi Daredevils,Chennai Super Kings,Chennai Super Kings,field,Chennai Super Kings,normal,DR Smith
733983,2014,06-05-2014,Mumbai,Wankhede Stadium,Mumbai Indians,Royal Challengers Bangalore,Royal Challengers Bangalore,field,Mumbai Indians,normal,RG Sharma
733985,2014,07-05-2014,Delhi,Feroz Shah Kotla,Delhi Daredevils,Kolkata Knight Riders,Delhi Daredevils,bat,Kolkata Knight Riders,normal,G Gambhir
733987,2014,07-05-2014,Cuttack,Barabati Stadium,Kings XI Punjab,Chennai Super Kings,Chennai Super Kings,field,Kings XI Punjab,normal,GJ Maxwell
733989,2014,08-05-2014,Ahmedabad,"Sardar Patel Stadium, Motera",Rajasthan Royals,Sunrisers Hyderabad,Rajasthan Royals,field,Sunrisers Hyderabad,normal,B Kumar
733991,2014,09-05-2014,Bangalore,M Chinnaswamy Stadium,Royal Challengers Bangalore,Kings XI Punjab,Royal Challengers Bangalore,field,Kings XI Punjab,normal,Sandeep Sharma
733993,2014,10-05-2014,Delhi,Feroz Shah Kotla,Delhi Daredevils,Sunrisers Hyderabad,Sunrisers Hyderabad,field,Sunrisers Hyderabad,normal,DW Steyn
733995,2014,10-05-2014,Mumbai,Wankhede Stadium,Mumbai Indians,Chennai Super Kings,Chennai Super Kings,field,Chennai Super Kings,normal,DR Smith
733997,2014,11-05-2014,Cuttack,Barabati Stadium,Kings XI Punjab,Kolkata Knight Riders,Kolkata Knight Riders,field,Kolkata Knight Riders,normal,G Gambhir
733999,2014,11-05-2014,Bangalore,M Chinnaswamy Stadium,Royal Challengers Bangalore,Rajasthan Royals,Royal Challengers Bangalore,bat,Rajasthan Royals,normal,JP Faulkner
734001,2014,12-05-2014,Hyderabad,"Rajiv Gandhi International Stadium, Uppal",Sunrisers Hyderabad,Mumbai Indians,Sunrisers Hyderabad,bat,Mumbai Indians,normal,AT Rayudu
734003,2014,13-05-2014,Ranchi,JSCA International Stadium Complex,Chennai Super Kings,Rajasthan Royals,Rajasthan Royals,bat,Chennai Super Kings,normal,RA Jadeja
734005,2014,13-05-2014,Bangalore,M Chinnaswamy Stadium,Royal Challengers Bangalore,Delhi Daredevils,Delhi Daredevils,field,Royal Challengers Bangalore,normal,Yuvraj Singh
734007,2014,14-05-2014,Hyderabad,"Rajiv Gandhi International Stadium, Uppal",Sunrisers Hyderabad,Kings XI Punjab,Kings XI Punjab,field,Kings XI Punjab,normal,WP Saha
734009,2014,14-05-2014,Cuttack,Barabati Stadium,Kolkata Knight Riders,Mumbai Indians,Kolkata Knight Riders,field,Kolkata Knight Riders,normal,RV Uthappa
734011,2014,15-05-2014,Ahmedabad,"Sardar Patel Stadium, Motera",Rajasthan Royals,Delhi Daredevils,Delhi Daredevils,field,Rajasthan Royals,normal,AM Rahane
734013,2014,18-05-2014,Ranchi,JSCA International Stadium Complex,Chennai Super Kings,Royal Challengers Bangalore,Chennai Super Kings,bat,Royal Challengers Bangalore,normal,AB de Villiers
734015,2014,18-05-2014,Hyderabad,"Rajiv Gandhi International Stadium, Uppal",Sunrisers Hyderabad,Kolkata Knight Riders,Sunrisers Hyderabad,bat,Kolkata Knight Riders,normal,UT Yadav
734017,2014,19-05-2014,Ahmedabad,"Sardar Patel Stadium, Motera",Rajasthan Royals,Mumbai Indians,Mumbai Indians,bat,Mumbai Indians,normal,MEK Hussey
734019,2014,19-05-2014,Delhi,Feroz Shah Kotla,Delhi Daredevils,Kings XI Punjab,Kings XI Punjab,field,Kings XI Punjab,normal,AR Patel
734021,2014,20-05-2014,Hyderabad,"Rajiv Gandhi International Stadium, Uppal",Sunrisers Hyderabad,Royal Challengers Bangalore,Royal Challengers Bangalore,bat,Sunrisers Hyderabad,normal,DA Warner
734023,2014,20-05-2014,Kolkata,Eden Gardens,Kolkata Knight Riders,Chennai Super Kings,Kolkata Knight Riders,field,Kolkata Knight Riders,normal,RV Uthappa
734025,2014,21-05-2014,Chandigarh,"Punjab Cricket Association Stadium, Mohali",Kings XI Punjab,Mumbai Indians,Mumbai Indians,field,Mumbai Indians,normal,LMP Simmons
734027,2014,22-05-2014,Kolkata,Eden Gardens,Kolkata Knight Riders,Royal Challengers Bangalore,Royal Challengers Bangalore,field,Kolkata Knight Riders,normal,RV Uthappa
734029,2014,22-05-2014,Ranchi,JSCA International Stadium Complex,Chennai Super Kings,Sunrisers Hyderabad,Sunrisers Hyderabad,field,Sunrisers Hyderabad,normal,DA Warner
734031,2014,23-05-2014,Mumbai,Wankhede Stadium,Mumbai Indians,Delhi Daredevils,Delhi Daredevils,field,Mumbai Indians,normal,MEK Hussey
734033,2014,23-05-2014,Chandigarh,"Punjab Cricket Association Stadium, Mohali",Kings XI Punjab,Rajasthan Royals,Rajasthan Royals,field,Kings XI Punjab,normal,SE Marsh
734035,2014,24-05-2014,Bangalore,M Chinnaswamy Stadium,Royal Challengers Bangalore,Chennai Super Kings,Chennai Super Kings,field,Chennai Super Kings,normal,MS Dhoni
734037,2014,24-05-2014,Kolkata,Eden Gardens,Kolkata Knight Riders,Sunrisers Hyderabad,Kolkata Knight Riders,field,Kolkata Knight Riders,normal,YK Pathan
734039,2014,25-05-2014,Chandigarh,"Punjab Cricket Association Stadium, Mohali",Kings XI Punjab,Delhi Daredevils,Kings XI Punjab,field,Kings XI Punjab,normal,M Vohra
734041,2014,25-05-2014,Mumbai,Wankhede Stadium,Mumbai Indians,Rajasthan Royals,Mumbai Indians,field,Mumbai Indians,normal,CJ Anderson
734043,2014,27-05-2014,Kolkata,Eden Gardens,Kings XI Punjab,Kolkata Knight Riders,Kings XI Punjab,field,Kolkata Knight Riders,normal,UT Yadav
734045,2014,28-05-2014,Mumbai,Brabourne Stadium,Chennai Super Kings,Mumbai Indians,Chennai Super Kings,field,Chennai Super Kings,normal,SK Raina
734047,2014,30-05-2014,Mumbai,Wankhede Stadium,Chennai Super Kings,Kings XI Punjab,Chennai Super Kings,field,Kings XI Punjab,normal,V Sehwag
734049,2014,01-06-2014,Bangalore,M Chinnaswamy Stadium,Kolkata Knight Riders,Kings XI Punjab,Kolkata Knight Riders,field,Kolkata Knight Riders,normal,MK Pandey
829705,2015,08-04-2015,Kolkata,Eden Gardens,Kolkata Knight Riders,Mumbai Indians,Kolkata Knight Riders,field,Kolkata Knight Riders,normal,M Morkel
829707,2015,09-04-2015,Chennai,"MA Chidambaram Stadium, Chepauk",Chennai Super Kings,Delhi Daredevils,Delhi Daredevils,field,Chennai Super Kings,normal,A Nehra
829709,2015,10-04-2015,Pune,Maharashtra Cricket Association Stadium,Kings XI Punjab,Rajasthan Royals,Kings XI Punjab,field,Rajasthan Royals,normal,JP Faulkner
829711,2015,11-04-2015,Chennai,"MA Chidambaram Stadium, Chepauk",Chennai Super Kings,Sunrisers Hyderabad,Chennai Super Kings,bat,Chennai Super Kings,normal,BB McCullum
829713,2015,11-04-2015,Kolkata,Eden Gardens,Kolkata Knight Riders,Royal Challengers Bangalore,Royal Challengers Bangalore,field,Royal Challengers Bangalore,normal,CH Gayle
829715,2015,12-04-2015,Delhi,Feroz Shah Kotla,Delhi Daredevils,Rajasthan Royals,Rajasthan Royals,field,Rajasthan Royals,normal,DJ Hooda
829717,2015,12-04-2015,Mumbai,Wankhede Stadium,Mumbai Indians,Kings XI Punjab,Mumbai Indians,field,Kings XI Punjab,normal,GJ Bailey
829719,2015,13-04-2015,Bangalore,M Chinnaswamy Stadium,Royal Challengers Bangalore,Sunrisers Hyderabad,Sunrisers Hyderabad,field,Sunrisers Hyderabad,normal,DA Warner
829721,2015,14-04-2015,Ahmedabad,"Sardar Patel Stadium, Motera",Rajasthan Royals,Mumbai Indians,Mumbai Indians,bat,Rajasthan Royals,normal,SPD Smith
829723,2015,30-04-2015,Kolkata,Eden Gardens,Kolkata Knight Riders,Chennai Super Kings,Kolkata Knight Riders,field,Kolkata Knight Riders,normal,AD Russell
829725,2015,15-04-2015,Pune,Maharashtra Cricket Association Stadium,Kings XI Punjab,Delhi Daredevils,Kings XI Punjab,bat,Delhi Daredevils,normal,MA Agarwal
829727,2015,16-04-2015,Visakhapatnam,Dr. Y.S. Rajasekhara Reddy ACA-VDCA Cricket Stadium,Sunrisers Hyderabad,Rajasthan Royals,Rajasthan Royals,field,Rajasthan Royals,normal,AM Rahane
829729,2015,17-04-2015,Mumbai,Wankhede Stadium,Mumbai Indians,Chennai Super Kings,Mumbai Indians,bat,Chennai Super Kings,normal,A Nehra
829731,2015,18-04-2015,Visakhapatnam,Dr. Y.S. Rajasekhara Reddy ACA-VDCA Cricket Stadium,Sunrisers Hyderabad,Delhi Daredevils,Delhi Daredevils,bat,Delhi Daredevils,normal,JP Duminy
829733,2015,18-04-2015,Pune,Maharashtra Cricket Association Stadium,Kings XI Punjab,Kolkata Knight Riders,Kolkata Knight Riders,field,Kolkata Knight Riders,normal,AD Russell
829735,2015,19-04-2015,Ahmedabad,"Sardar Patel Stadium, Motera",Rajasthan Royals,Chennai Super Kings,Chennai Super Kings,bat,Rajasthan Royals,normal,AM Rahane
829737,2015,19-04-2015,Bangalore,M Chinnaswamy Stadium,Royal Challengers Bangalore,Mumbai Indians,Royal Challengers Bangalore,field,Mumbai Indians,normal,Harbhajan Singh
829739,2015,20-04-2015,Delhi,Feroz Shah Kotla,Delhi Daredevils,Kolkata Knight Riders,Kolkata Knight Riders,field,Kolkata Knight Riders,normal,UT Yadav
829741,2015,21-04-2015,Ahmedabad,"Sardar Patel Stadium, Motera",Rajasthan Royals,Kings XI Punjab,Kings XI Punjab,field,,tie,SE Marsh
829743,2015,22-04-2015,Visakhapatnam,Dr. Y.S. Rajasekhara Reddy ACA-VDCA Cricket Stadium,Sunrisers Hyderabad,Kolkata Knight Riders,Kolkata Knight Riders,field,Sunrisers Hyderabad,normal,DA Warner
829745,2015,22-04-2015,Bangalore,M Chinnaswamy Stadium,Royal Challengers Bangalore,Chennai Super Kings,Royal Challengers Bangalore,field,Chennai Super Kings,normal,SK Raina
829747,2015,23-04-2015,Delhi,Feroz Shah Kotla,Delhi Daredevils,Mumbai Indians,Mumbai Indians,field,Delhi Daredevils,normal,SS Iyer
829749,2015,24-04-2015,Ahmedabad,"Sardar Patel Stadium, Motera",Rajasthan Royals,Royal Challengers Bangalore,Royal Challengers Bangalore,field,Royal Challengers Bangalore,normal,MA Starc
829751,2015,25-04-2015,Mumbai,Wankhede Stadium,Mumbai Indians,Sunrisers Hyderabad,Mumbai Indians,bat,Mumbai Indians,normal,SL Malinga
829753,2015,25-04-2015,Chennai,"MA Chidambaram Stadium, Chepauk",Chennai Super Kings,Kings XI Punjab,Chennai Super Kings,bat,Chennai Super Kings,normal,BB McCullum
829757,2015,26-04-2015,Delhi,Feroz Shah Kotla,Delhi Daredevils,Royal Challengers Bangalore,Royal Challengers Bangalore,field,Royal Challengers Bangalore,normal,VR Aaron
829759,2015,27-04-2015,Chandigarh,"Punjab Cricket Association Stadium, Mohali",Kings XI Punjab,Sunrisers Hyderabad,Kings XI Punjab,field,Sunrisers Hyderabad,normal,TA Boult
829761,2015,07-05-2015,Kolkata,Eden Gardens,Kolkata Knight Riders,Delhi Daredevils,Kolkata Knight Riders,bat,Kolkata Knight Riders,normal,PP Chawla
829763,2015,29-04-2015,Bangalore,M Chinnaswamy Stadium,Royal Challengers Bangalore,Rajasthan Royals,Rajasthan Royals,field,,no result,
829765,2015,28-04-2015,Chennai,"MA Chidambaram Stadium, Chepauk",Chennai Super Kings,Kolkata Knight Riders,Kolkata Knight Riders,field,Chennai Super Kings,normal,DJ Bravo
829767,2015,01-05-2015,Delhi,Feroz Shah Kotla,Delhi Daredevils,Kings XI Punjab,Delhi Daredevils,field,Delhi Daredevils,normal,NM Coulter-Nile
829769,2015,01-05-2015,Mumbai,Wankhede Stadium,Mumbai Indians,Rajasthan Royals,Rajasthan Royals,field,Mumbai Indians,normal,AT Rayudu
829771,2015,02-05-2015,Bangalore,M Chinnaswamy Stadium,Royal Challengers Bangalore,Kolkata Knight Riders,Royal Challengers Bangalore,field,Royal Challengers Bangalore,normal,Mandeep Singh
829773,2015,02-05-2015,Hyderabad,"Rajiv Gandhi International Stadium, Uppal",Sunrisers Hyderabad,Chennai Super Kings,Chennai Super Kings,field,Sunrisers Hyderabad,normal,DA Warner
829775,2015,03-05-2015,Chandigarh,"Punjab Cricket Association Stadium, Mohali",Kings XI Punjab,Mumbai Indians,Mumbai Indians,bat,Mumbai Indians,normal,LMP Simmons
829777,2015,03-05-2015,Mumbai,Brabourne Stadium,Rajasthan Royals,Delhi Daredevils,Delhi Daredevils,field,Rajasthan Royals,normal,AM Rahane
829779,2015,04-05-2015,Chennai,"MA Chidambaram Stadium, Chepauk",Chennai Super Kings,Royal Challengers Bangalore,Chennai Super Kings,bat,Chennai Super Kings,normal,SK Raina
829781,2015,04-05-2015,Kolkata,Eden Gardens,Kolkata Knight Riders,Sunrisers Hyderabad,Sunrisers Hyderabad,field,Kolkata Knight Riders,normal,UT Yadav
829783,2015,05-05-2015,Mumbai,Wankhede Stadium,Mumbai Indians,Delhi Daredevils,Delhi Daredevils,bat,Mumbai Indians,normal,Harbhajan Singh
829785,2015,06-05-2015,Bangalore,M Chinnaswamy Stadium,Royal Challengers Bangalore,Kings XI Punjab,Kings XI Punjab,field,Royal Challengers Bangalore,normal,CH Gayle
829787,2015,07-05-2015,Mumbai,Brabourne Stadium,Rajasthan Royals,Sunrisers Hyderabad,Rajasthan Royals,field,Sunrisers Hyderabad,normal,EJG Morgan
829789,2015,08-05-2015,Chennai,"MA Chidambaram Stadium, Chepauk",Chennai Super Kings,Mumbai Indians,Chennai Super Kings,bat,Mumbai Indians,normal,HH Pandya
829791,2015,09-05-2015,Kolkata,Eden Gardens,Kolkata Knight Riders,Kings XI Punjab,Kings XI Punjab,bat,Kolkata Knight Riders,normal,AD Russell
829793,2015,09-05-2015,Raipur,Shaheed Veer Narayan Singh International Stadium,Delhi Daredevils,Sunrisers Hyderabad,Sunrisers Hyderabad,bat,Sunrisers Hyderabad,normal,MC Henriques
829795,2015,10-05-2015,Mumbai,Wankhede Stadium,Mumbai Indians,Royal Challengers Bangalore,Royal Challengers Bangalore,bat,Royal Challengers Bangalore,normal,AB de Villiers
829797,2015,10-05-2015,Chennai,"MA Chidambaram Stadium, Chepauk",Chennai Super Kings,Rajasthan Royals,Chennai Super Kings,bat,Chennai Super Kings,normal,RA Jadeja
829799,2015,11-05-2015,Hyderabad,"Rajiv Gandhi International Stadium, Uppal",Sunrisers Hyderabad,Kings XI Punjab,Sunrisers Hyderabad,bat,Sunrisers Hyderabad,normal,DA Warner
829801,2015,12-05-2015,Raipur,Shaheed Veer Narayan Singh International Stadium,Delhi Daredevils,Chennai Super Kings,Chennai Super Kings,bat,Delhi Daredevils,normal,Z Khan
829803,2015,13-05-2015,Chandigarh,"Punjab Cricket Association Stadium, Mohali",Kings XI Punjab,Royal Challengers Bangalore,Royal Challengers Bangalore,field,Kings XI Punjab,normal,AR Patel
829805,2015,14-05-2015,Mumbai,Wankhede Stadium,Mumbai Indians,Kolkata Knight Riders,Kolkata Knight Riders,field,Mumbai Indians,normal,HH Pandya
829807,2015,15-05-2015,Hyderabad,"Rajiv Gandhi International Stadium, Uppal",Sunrisers Hyderabad,Royal Challengers Bangalore,Sunrisers Hyderabad,bat,Royal Challengers Bangalore,normal,V Kohli
829809,2015,16-05-2015,Chandigarh,"Punjab Cricket Association Stadium, Mohali",Kings XI Punjab,Chennai Super Kings,Kings XI Punjab,bat,Chennai Super Kings,normal,P Negi
829811,2015,16-05-2015,Mumbai,Brabourne Stadium,Rajasthan Royals,Kolkata Knight Riders,Rajasthan Royals,bat,Rajasthan Royals,normal,SR Watson
829813,2015,17-05-2015,Bangalore,M Chinnaswamy Stadium,Royal Challengers Bangalore,Delhi Daredevils,Royal Challengers Bangalore,field,,no result,
829815,2015,17-05-2015,Hyderabad,"Rajiv Gandhi International Stadium, Uppal",Sunrisers Hyderabad,Mumbai Indians,Sunrisers Hyderabad,bat,Mumbai Indians,normal,MJ McClenaghan
829817,2015,19-05-2015,Mumbai,Wankhede Stadium,Chennai Super Kings,Mumbai Indians,Mumbai Indians,bat,Mumbai Indians,normal,KA Pollard
829819,2015,20-05-2015,Pune,Maharashtra Cricket Association Stadium,Royal Challengers Bangalore,Rajasthan Royals,Royal Challengers Bangalore,bat,Royal Challengers Bangalore,normal,AB de Villiers
829821,2015,22-05-2015,Ranchi,JSCA International Stadium Complex,Chennai Super Kings,Royal Challengers Bangalore,Chennai Super Kings,field,Chennai Super Kings,normal,A Nehra
829823,2015,24-05-2015,Kolkata,Eden Gardens,Mumbai Indians,Chennai Super Kings,Chennai Super Kings,field,Mumbai Indians,normal,RG Sharma
980901,2016,09-04-2016,Mumbai,Wankhede Stadium,Mumbai Indians,Rising Pune Supergiants,Mumbai Indians,bat,Rising Pune Supergiants,normal,AM Rahane
980903,2016,10-04-2016,Kolkata,Eden Gardens,Kolkata Knight Riders,Delhi Daredevils,Kolkata Knight Riders,field,Kolkata Knight Riders,normal,AD Russell
980905,2016,11-04-2016,Chandigarh,"Punjab Cricket Association IS Bindra Stadium, Mohali",Kings XI Punjab,Gujarat Lions,Gujarat Lions,field,Gujarat Lions,normal,AJ Finch
980907,2016,12-04-2016,Bangalore,M Chinnaswamy Stadium,Royal Challengers Bangalore,Sunrisers Hyderabad,Sunrisers Hyderabad,field,Royal Challengers Bangalore,normal,AB de Villiers
980909,2016,13-04-2016,Kolkata,Eden Gardens,Kolkata Knight Riders,Mumbai Indians,Mumbai Indians,field,Mumbai Indians,normal,RG Sharma
980911,2016,14-04-2016,Rajkot,Saurashtra Cricket Association Stadium,Gujarat Lions,Rising Pune Supergiants,Rising Pune Supergiants,bat,Gujarat Lions,normal,AJ Finch
980913,2016,15-04-2016,Delhi,Feroz Shah Kotla,Delhi Daredevils,Kings XI Punjab,Delhi Daredevils,field,Delhi Daredevils,normal,A Mishra
980915,2016,16-04-2016,Hyderabad,"Rajiv Gandhi International Stadium, Uppal",Sunrisers Hyderabad,Kolkata Knight Riders,Sunrisers Hyderabad,bat,Kolkata Knight Riders,normal,G Gambhir
980917,2016,16-04-2016,Mumbai,Wankhede Stadium,Mumbai Indians,Gujarat Lions,Gujarat Lions,field,Gujarat Lions,normal,AJ Finch
980919,2016,17-04-2016,Chandigarh,"Punjab Cricket Association IS Bindra Stadium, Mohali",Kings XI Punjab,Rising Pune Supergiants,Rising Pune Supergiants,bat,Kings XI Punjab,normal,M Vohra
980921,2016,17-04-2016,Bangalore,M Chinnaswamy Stadium,Royal Challengers Bangalore,Delhi Daredevils,Delhi Daredevils,field,Delhi Daredevils,normal,Q de Kock
980923,2016,18-04-2016,Hyderabad,"Rajiv Gandhi International Stadium, Uppal",Sunrisers Hyderabad,Mumbai Indians,Sunrisers Hyderabad,field,Sunrisers Hyderabad,normal,DA Warner
980925,2016,19-04-2016,Chandigarh,"Punjab Cricket Association IS Bindra Stadium, Mohali",Kings XI Punjab,Kolkata Knight Riders,Kolkata Knight Riders,field,Kolkata Knight Riders,normal,RV Uthappa
980927,2016,20-04-2016,Mumbai,Wankhede Stadium,Mumbai Indians,Royal Challengers Bangalore,Mumbai Indians,field,Mumbai Indians,normal,RG Sharma
980929,2016,21-04-2016,Rajkot,Saurashtra Cricket Association Stadium,Gujarat Lions,Sunrisers Hyderabad,Sunrisers Hyderabad,field,Sunrisers Hyderabad,normal,B Kumar
980931,2016,22-04-2016,Pune,Maharashtra Cricket Association Stadium,Rising Pune Supergiants,Royal Challengers Bangalore,Rising Pune Supergiants,field,Royal Challengers Bangalore,normal,AB de Villiers
980933,2016,23-04-2016,Delhi,Feroz Shah Kotla,Delhi Daredevils,Mumbai Indians,Mumbai Indians,field,Delhi Daredevils,normal,SV Samson
980935,2016,23-04-2016,Hyderabad,"Rajiv Gandhi International Stadium, Uppal",Sunrisers Hyderabad,Kings XI Punjab,Sunrisers Hyderabad,field,Sunrisers Hyderabad,normal,Mustafizur Rahman
980937,2016,24-04-2016,Rajkot,Saurashtra Cricket Association Stadium,Gujarat Lions,Royal Challengers Bangalore,Royal Challengers Bangalore,bat,Gujarat Lions,normal,V Kohli
980939,2016,24-04-2016,Pune,Maharashtra Cricket Association Stadium,Rising Pune Supergiants,Kolkata Knight Riders,Kolkata Knight Riders,field,Kolkata Knight Riders,normal,SA Yadav
980941,2016,25-04-2016,Chandigarh,"Punjab Cricket Association IS Bindra Stadium, Mohali",Kings XI Punjab,Mumbai Indians,Kings XI Punjab,field,Mumbai Indians,normal,PA Patel
980943,2016,26-04-2016,Hyderabad,"Rajiv Gandhi International Stadium, Uppal",Sunrisers Hyderabad,Rising Pune Supergiants,Rising Pune Supergiants,field,Rising Pune Supergiants,normal,AB Dinda
980945,2016,27-04-2016,Delhi,Feroz Shah Kotla,Delhi Daredevils,Gujarat Lions,Delhi Daredevils,field,Gujarat Lions,normal,CH Morris
980947,2016,28-04-2016,Mumbai,Wankhede Stadium,Mumbai Indians,Kolkata Knight Riders,Mumbai Indians,field,Mumbai Indians,normal,RG Sharma
980949,2016,29-04-2016,Pune,Maharashtra Cricket Association Stadium,Rising Pune Supergiants,Gujarat Lions,Gujarat Lions,field,Gujarat Lions,normal,DR Smith
980951,2016,30-04-2016,Delhi,Feroz Shah Kotla,Delhi Daredevils,Kolkata Knight Riders,Kolkata Knight Riders,field,Delhi Daredevils,normal,CR Brathwaite
980953,2016,30-04-2016,Hyderabad,"Rajiv Gandhi International Stadium, Uppal",Sunrisers Hyderabad,Royal Challengers Bangalore,Royal Challengers Bangalore,field,Sunrisers Hyderabad,normal,DA Warner
980955,2016,01-05-2016,Rajkot,Saurashtra Cricket Association Stadium,Gujarat Lions,Kings XI Punjab,Gujarat Lions,field,Kings XI Punjab,normal,AR Patel
980957,2016,01-05-2016,Pune,Maharashtra Cricket Association Stadium,Rising Pune Supergiants,Mumbai Indians,Mumbai Indians,field,Mumbai Indians,normal,RG Sharma
980959,2016,02-05-2016,Bangalore,M Chinnaswamy Stadium,Royal Challengers Bangalore,Kolkata Knight Riders,Kolkata Knight Riders,field,Kolkata Knight Riders,normal,AD Russell
980961,2016,03-05-2016,Rajkot,Saurashtra Cricket Association Stadium,Gujarat Lions,Delhi Daredevils,Delhi Daredevils,field,Delhi Daredevils,normal,RR Pant
980963,2016,04-05-2016,Kolkata,Eden Gardens,Kolkata Knight Riders,Kings XI Punjab,Kings XI Punjab,field,Kolkata Knight Riders,normal,AD Russell
980965,2016,05-05-2016,Delhi,Feroz Shah Kotla,Delhi Daredevils,Rising Pune Supergiants,Rising Pune Supergiants,field,Rising Pune Supergiants,normal,AM Rahane
980967,2016,06-05-2016,Hyderabad,"Rajiv Gandhi International Stadium, Uppal",Sunrisers Hyderabad,Gujarat Lions,Sunrisers Hyderabad,field,Sunrisers Hyderabad,normal,B Kumar
980969,2016,07-05-2016,Bangalore,M Chinnaswamy Stadium,Royal Challengers Bangalore,Rising Pune Supergiants,Royal Challengers Bangalore,field,Royal Challengers Bangalore,normal,V Kohli
980971,2016,07-05-2016,Chandigarh,"Punjab Cricket Association IS Bindra Stadium, Mohali",Kings XI Punjab,Delhi Daredevils,Delhi Daredevils,field,Kings XI Punjab,normal,MP Stoinis
980973,2016,08-05-2016,Visakhapatnam,Dr. Y.S. Rajasekhara Reddy ACA-VDCA Cricket Stadium,Mumbai Indians,Sunrisers Hyderabad,Mumbai Indians,field,Sunrisers Hyderabad,normal,A Nehra
980975,2016,08-05-2016,Kolkata,Eden Gardens,Kolkata Knight Riders,Gujarat Lions,Gujarat Lions,field,Gujarat Lions,normal,P Kumar
980977,2016,09-05-2016,Chandigarh,"Punjab Cricket Association IS Bindra Stadium, Mohali",Kings XI Punjab,Royal Challengers Bangalore,Kings XI Punjab,field,Royal Challengers Bangalore,normal,SR Watson
980979,2016,10-05-2016,Visakhapatnam,Dr. Y.S. Rajasekhara Reddy ACA-VDCA Cricket Stadium,Rising Pune Supergiants,Sunrisers Hyderabad,Sunrisers Hyderabad,bat,Sunrisers Hyderabad,normal,A Zampa
980981,2016,11-05-2016,Bangalore,M Chinnaswamy Stadium,Royal Challengers Bangalore,Mumbai Indians,Mumbai Indians,field,Mumbai Indians,normal,KH Pandya
980983,2016,12-05-2016,Hyderabad,"Rajiv Gandhi International Stadium, Uppal",Sunrisers Hyderabad,Delhi Daredevils,Delhi Daredevils,field,Delhi Daredevils,normal,CH Morris
980985,2016,13-05-2016,Visakhapatnam,Dr. Y.S. Rajasekhara Reddy ACA-VDCA Cricket Stadium,Mumbai Indians,Kings XI Punjab,Mumbai Indians,bat,Kings XI Punjab,normal,MP Stoinis
980987,2016,14-05-2016,Bangalore,M Chinnaswamy Stadium,Royal Challengers Bangalore,Gujarat Lions,Gujarat Lions,field,Royal Challengers Bangalore,normal,AB de Villiers
980989,2016,14-05-2016,Kolkata,Eden Gardens,Kolkata Knight Riders,Rising Pune Supergiants,Rising Pune Supergiants,bat,Kolkata Knight Riders,normal,YK Pathan
980991,2016,15-05-2016,Chandigarh,"Punjab Cricket Association IS Bindra Stadium, Mohali",Kings XI Punjab,Sunrisers Hyderabad,Kings XI Punjab,bat,Sunrisers Hyderabad,normal,HM Amla
980993,2016,15-05-2016,Visakhapatnam,Dr. Y.S. Rajasekhara Reddy ACA-VDCA Cricket Stadium,Mumbai Indians,Delhi Daredevils,Delhi Daredevils,field,Mumbai Indians,normal,KH Pandya
980995,2016,16-05-2016,Kolkata,Eden Gardens,Kolkata Knight Riders,Royal Challengers Bangalore,Royal Challengers Bangalore,field,Royal Challengers Bangalore,normal,V Kohli
980997,2016,17-05-2016,Visakhapatnam,Dr. Y.S. Rajasekhara Reddy ACA-VDCA Cricket Stadium,Rising Pune Supergiants,Delhi Daredevils,Rising Pune Supergiants,field,Rising Pune Supergiants,normal,AB Dinda
980999,2016,18-05-2016,Bangalore,M Chinnaswamy Stadium,Royal Challengers Bangalore,Kings XI Punjab,Kings XI Punjab,field,Royal Challengers Bangalore,normal,V Kohli
981001,2016,19-05-2016,Kanpur,Green Park,Gujarat Lions,Kolkata Knight Riders,Gujarat Lions,field,Gujarat Lions,normal,DR Smith
981003,2016,20-05-2016,Raipur,Shaheed Veer Narayan Singh International Stadium,Delhi Daredevils,Sunrisers Hyderabad,Delhi Daredevils,field,Delhi Daredevils,normal,KK Nair
981005,2016,21-05-2016,Visakhapatnam,Dr. Y.S. Rajasekhara Reddy ACA-VDCA Cricket Stadium,Rising Pune Supergiants,Kings XI Punjab,Kings XI Punjab,bat,Rising Pune Supergiants,normal,MS Dhoni
981007,2016,21-05-2016,Kanpur,Green Park,Gujarat Lions,Mumbai Indians,Gujarat Lions,field,Gujarat Lions,normal,SK Raina
981009,2016,22-05-2016,Kolkata,Eden Gardens,Kolkata Knight Riders,Sunrisers Hyderabad,Sunrisers Hyderabad,field,Kolkata Knight Riders,normal,YK Pathan
981011,2016,22-05-2016,Raipur,Shaheed Veer Narayan Singh International Stadium,Delhi Daredevils,Royal Challengers Bangalore,Royal Challengers Bangalore,field,Royal Challengers Bangalore,normal,V Kohli
981013,2016,24-05-2016,Bangalore,M Chinnaswamy Stadium,Gujarat Lions,Royal Challengers Bangalore,Royal Challengers Bangalore,field,Royal Challengers Bangalore,normal,AB de Villiers
981015,2016,25-05-2016,Delhi,Feroz Shah Kotla,Sunrisers Hyderabad,Kolkata Knight Riders,Kolkata Knight Riders,field,Sunrisers Hyderabad,normal,MC Henriques
981017,2016,27-05-2016,Delhi,Feroz Shah Kotla,Gujarat Lions,Sunrisers Hyderabad,Sunrisers Hyderabad,field,Sunrisers Hyderabad,normal,DA Warner
981019,2016,29-05-2016,Bangalore,M Chinnaswamy Stadium,Royal Challengers Bangalore,Sunrisers Hyderabad,Sunrisers Hyderabad,bat,Sunrisers Hyderabad,normal,BCJ Cutting
